Vehicles,2019-01-23T23:09:22.094657,0,6
Persons,2019-01-23T23:09:22.324885,0,4
Vehicles,2019-01-23T23:09:22.538405,1,6
Persons,2019-01-23T23:09:22.766855,1,4
Vehicles,2019-01-23T23:09:22.982441,2,4
Persons,2019-01-23T23:09:23.211723,2,3
Vehicles,2019-01-23T23:09:23.422410,3,4
Persons,2019-01-23T23:09:23.649040,3,3
Vehicles,2019-01-23T23:09:23.862882,4,4
Vehicles,2019-01-23T23:09:24.302903,5,4
Persons,2019-01-23T23:09:24.095046,4,3
Persons,2019-01-23T23:09:24.742917,5,3
Vehicles,2019-01-23T23:09:24.744398,6,4
Persons,2019-01-23T23:09:24.975292,6,3
Vehicles,2019-01-23T23:09:25.183612,7,4
Persons,2019-01-23T23:09:25.412674,7,3
Vehicles,2019-01-23T23:09:25.620985,8,4
Persons,2019-01-23T23:09:25.851287,8,3
Vehicles,2019-01-23T23:09:26.061570,9,4
Persons,2019-01-23T23:09:26.288099,9,3
Vehicles,2019-01-23T23:09:26.496207,10,4
Persons,2019-01-23T23:09:26.725955,10,3
Vehicles,2019-01-23T23:09:26.937173,11,4
Persons,2019-01-23T23:09:27.166006,11,4
Vehicles,2019-01-23T23:09:27.376716,12,4
Persons,2019-01-23T23:09:27.605258,12,4
Vehicles,2019-01-23T23:09:27.817664,13,5
Persons,2019-01-23T23:09:28.046066,13,4
Vehicles,2019-01-23T23:09:28.257390,14,5
Persons,2019-01-23T23:09:28.485143,14,4
Vehicles,2019-01-23T23:09:28.695873,15,5
Persons,2019-01-23T23:09:28.923239,15,4
Persons,2019-01-23T23:09:29.360470,16,4
Vehicles,2019-01-23T23:09:29.361382,16,6
Persons,2019-01-23T23:09:29.592766,17,3
Vehicles,2019-01-23T23:09:29.801481,17,5
Persons,2019-01-23T23:09:30.034989,18,3
Vehicles,2019-01-23T23:09:30.246129,18,5
Persons,2019-01-23T23:09:30.481602,19,3
Vehicles,2019-01-23T23:09:30.690437,19,5
Persons,2019-01-23T23:09:30.923891,20,4
Vehicles,2019-01-23T23:09:31.132776,20,5
Persons,2019-01-23T23:09:31.362515,21,3
Vehicles,2019-01-23T23:09:31.571309,21,5
Persons,2019-01-23T23:09:31.804105,22,4
Vehicles,2019-01-23T23:09:32.013301,22,5
Persons,2019-01-23T23:09:32.247520,23,4
Vehicles,2019-01-23T23:09:32.458398,23,5
Persons,2019-01-23T23:09:32.691829,24,4
Vehicles,2019-01-23T23:09:32.900178,24,5
Persons,2019-01-23T23:09:33.133004,25,3
Vehicles,2019-01-23T23:09:33.343901,25,5
Persons,2019-01-23T23:09:33.579147,26,2
Vehicles,2019-01-23T23:09:33.789431,26,5
Persons,2019-01-23T23:09:34.021010,27,2
Vehicles,2019-01-23T23:09:34.229638,27,5
Persons,2019-01-23T23:09:34.465506,28,2
Vehicles,2019-01-23T23:09:34.674649,28,5
Persons,2019-01-23T23:09:34.907123,29,2
Vehicles,2019-01-23T23:09:35.115084,29,5
Persons,2019-01-23T23:09:35.346977,30,2
Vehicles,2019-01-23T23:09:35.557759,30,5
Persons,2019-01-23T23:09:35.791331,31,0
Vehicles,2019-01-23T23:09:35.998680,31,6
Persons,2019-01-23T23:09:36.443603,32,0
Vehicles,2019-01-23T23:09:36.217982,32,7
Persons,2019-01-23T23:09:36.677238,33,1
Vehicles,2019-01-23T23:09:36.887601,33,7
Persons,2019-01-23T23:09:37.121423,34,1
Vehicles,2019-01-23T23:09:37.329997,34,6
Persons,2019-01-23T23:09:37.558579,35,1
Vehicles,2019-01-23T23:09:37.770672,35,4
Persons,2019-01-23T23:09:37.998517,36,1
Persons,2019-01-23T23:09:38.438473,37,0
Vehicles,2019-01-23T23:09:38.214866,36,4
Persons,2019-01-23T23:09:38.669208,38,1
Vehicles,2019-01-23T23:09:38.879365,37,5
Persons,2019-01-23T23:09:39.114225,39,1
Vehicles,2019-01-23T23:09:39.322438,38,5
Persons,2019-01-23T23:09:39.762074,40,1
Vehicles,2019-01-23T23:09:39.537036,39,4
Persons,2019-01-23T23:09:39.998034,41,1
Vehicles,2019-01-23T23:09:40.207420,40,4
Persons,2019-01-23T23:09:40.440977,42,2
Vehicles,2019-01-23T23:09:40.649777,41,6
Persons,2019-01-23T23:09:40.879268,43,2
Vehicles,2019-01-23T23:09:41.090974,42,5
Persons,2019-01-23T23:09:41.319702,44,2
Vehicles,2019-01-23T23:09:41.530617,43,5
Persons,2019-01-23T23:09:41.755905,45,2
Vehicles,2019-01-23T23:09:41.967384,44,4
Persons,2019-01-23T23:09:42.194685,46,3
Vehicles,2019-01-23T23:09:42.409047,45,4
Persons,2019-01-23T23:09:42.637033,47,3
Vehicles,2019-01-23T23:09:42.846865,46,4
Persons,2019-01-23T23:09:43.074163,48,3
Vehicles,2019-01-23T23:09:43.287493,47,4
Persons,2019-01-23T23:09:43.515012,49,3
Vehicles,2019-01-23T23:09:43.728857,48,4
Persons,2019-01-23T23:09:43.952880,50,3
Vehicles,2019-01-23T23:09:44.167348,49,4
Persons,2019-01-23T23:09:44.391710,51,4
Vehicles,2019-01-23T23:09:44.604593,50,4
Persons,2019-01-23T23:09:44.830448,52,4
Vehicles,2019-01-23T23:09:45.048523,51,3
Persons,2019-01-23T23:09:45.272826,53,4
Vehicles,2019-01-23T23:09:45.484587,52,5
Persons,2019-01-23T23:09:45.712502,54,3
Vehicles,2019-01-23T23:09:45.926435,53,5
Persons,2019-01-23T23:09:46.150034,55,3
Vehicles,2019-01-23T23:09:46.366558,54,5
Persons,2019-01-23T23:09:46.591544,56,3
Persons,2019-01-23T23:09:47.030392,57,3
Vehicles,2019-01-23T23:09:47.033430,55,5
Persons,2019-01-23T23:09:47.266268,58,3
Vehicles,2019-01-23T23:09:47.475473,56,5
Persons,2019-01-23T23:09:47.703912,59,4
Vehicles,2019-01-23T23:09:47.912638,57,5
Persons,2019-01-23T23:09:48.145180,60,4
Vehicles,2019-01-23T23:09:48.354744,58,5
Persons,2019-01-23T23:09:48.584916,61,4
Vehicles,2019-01-23T23:09:48.793569,59,6
Persons,2019-01-23T23:09:49.023567,62,4
Vehicles,2019-01-23T23:09:49.236177,60,6
Persons,2019-01-23T23:09:49.465273,63,4
Vehicles,2019-01-23T23:09:49.674308,61,6
Persons,2019-01-23T23:09:49.906843,64,4
Vehicles,2019-01-23T23:09:50.115772,62,6
Persons,2019-01-23T23:09:50.345456,65,4
Vehicles,2019-01-23T23:09:50.556285,63,6
Vehicles,2019-01-23T23:09:50.778615,64,6
Persons,2019-01-23T23:09:51.003139,66,4
Persons,2019-01-23T23:09:51.441482,67,4
Vehicles,2019-01-23T23:09:51.444462,65,6
Persons,2019-01-23T23:09:51.677830,68,4
Vehicles,2019-01-23T23:09:51.886517,66,6
Persons,2019-01-23T23:09:52.122401,69,4
Vehicles,2019-01-23T23:09:52.330949,67,7
Persons,2019-01-23T23:09:52.562272,70,4
Vehicles,2019-01-23T23:09:52.771285,68,7
Persons,2019-01-23T23:09:53.211964,71,5
Vehicles,2019-01-23T23:09:53.213577,69,6
Persons,2019-01-23T23:09:53.444527,72,5
Vehicles,2019-01-23T23:09:53.656055,70,6
Persons,2019-01-23T23:09:53.882418,73,5
Vehicles,2019-01-23T23:09:54.093534,71,7
Persons,2019-01-23T23:09:54.321311,74,5
Vehicles,2019-01-23T23:09:54.532646,72,5
Persons,2019-01-23T23:09:54.759001,75,5
Vehicles,2019-01-23T23:09:54.972567,73,5
Persons,2019-01-23T23:09:55.198286,76,5
Vehicles,2019-01-23T23:09:55.412191,74,4
Persons,2019-01-23T23:09:55.636885,77,5
Vehicles,2019-01-23T23:09:55.856349,75,7
Persons,2019-01-23T23:09:56.081183,78,5
Vehicles,2019-01-23T23:09:56.296718,76,5
Persons,2019-01-23T23:09:56.522148,79,5
Persons,2019-01-23T23:09:56.960444,80,5
Vehicles,2019-01-23T23:09:56.962156,77,5
Persons,2019-01-23T23:09:57.193908,81,4
Vehicles,2019-01-23T23:09:57.402970,78,5
Persons,2019-01-23T23:09:57.636774,82,4
Vehicles,2019-01-23T23:09:57.848366,79,5
Persons,2019-01-23T23:09:58.078477,83,3
Vehicles,2019-01-23T23:09:58.287187,80,5
Persons,2019-01-23T23:09:58.726043,84,3
Vehicles,2019-01-23T23:09:58.727893,81,5
Persons,2019-01-23T23:09:59.168974,85,3
Vehicles,2019-01-23T23:09:59.171225,82,5
Persons,2019-01-23T23:09:59.403395,86,2
Vehicles,2019-01-23T23:09:59.612559,83,5
Persons,2019-01-23T23:09:59.843789,87,3
Vehicles,2019-01-23T23:10:00.052477,84,5
Persons,2019-01-23T23:10:00.283443,88,2
Vehicles,2019-01-23T23:10:00.492069,85,5
Persons,2019-01-23T23:10:00.722566,89,2
Vehicles,2019-01-23T23:10:00.931971,86,5
Vehicles,2019-01-23T23:10:01.372822,87,5
Persons,2019-01-23T23:10:01.164052,90,2
Persons,2019-01-23T23:10:01.814276,91,1
Vehicles,2019-01-23T23:10:01.589710,88,5
Persons,2019-01-23T23:10:02.049105,92,2
Vehicles,2019-01-23T23:10:02.258806,89,5
Persons,2019-01-23T23:10:02.489321,93,1
Vehicles,2019-01-23T23:10:02.698504,90,6
Persons,2019-01-23T23:10:02.935619,94,0
Persons,2019-01-23T23:10:03.371893,95,1
Vehicles,2019-01-23T23:10:03.146934,91,6
Persons,2019-01-23T23:10:03.602584,96,1
Vehicles,2019-01-23T23:10:03.810882,92,5
Persons,2019-01-23T23:10:04.040787,97,2
Vehicles,2019-01-23T23:10:04.249446,93,5
Persons,2019-01-23T23:10:04.481071,98,3
Vehicles,2019-01-23T23:10:04.690207,94,4
Persons,2019-01-23T23:10:04.921432,99,4
Vehicles,2019-01-23T23:10:05.130832,95,6
Persons,2019-01-23T23:10:05.362524,100,4
Vehicles,2019-01-23T23:10:05.572190,96,6
Persons,2019-01-23T23:10:05.807538,101,5
Vehicles,2019-01-23T23:10:06.016916,97,5
Persons,2019-01-23T23:10:06.251109,102,5
Vehicles,2019-01-23T23:10:06.460447,98,5
Persons,2019-01-23T23:10:06.690765,103,5
Vehicles,2019-01-23T23:10:06.900789,99,5
Persons,2019-01-23T23:10:07.135661,104,4
Vehicles,2019-01-23T23:10:07.345340,100,6
Persons,2019-01-23T23:10:07.577747,105,4
Vehicles,2019-01-23T23:10:07.787912,101,6
Vehicles,2019-01-23T23:10:08.005010,102,6
Persons,2019-01-23T23:10:08.229993,106,4
Persons,2019-01-23T23:10:08.669152,107,4
Vehicles,2019-01-23T23:10:08.671336,103,6
Persons,2019-01-23T23:10:09.111677,108,4
Vehicles,2019-01-23T23:10:09.114375,104,6
Persons,2019-01-23T23:10:09.345453,109,4
Vehicles,2019-01-23T23:10:09.555708,105,6
Persons,2019-01-23T23:10:09.789190,110,4
Vehicles,2019-01-23T23:10:09.997676,106,7
Persons,2019-01-23T23:10:10.228916,111,4
Vehicles,2019-01-23T23:10:10.438157,107,7
Persons,2019-01-23T23:10:10.670980,112,4
Vehicles,2019-01-23T23:10:10.880755,108,7
Persons,2019-01-23T23:10:11.112626,113,4
Vehicles,2019-01-23T23:10:11.321589,109,7
Persons,2019-01-23T23:10:11.555334,114,4
Vehicles,2019-01-23T23:10:11.765364,110,6
Persons,2019-01-23T23:10:11.997942,115,4
Vehicles,2019-01-23T23:10:12.207623,111,6
Persons,2019-01-23T23:10:12.438744,116,4
Vehicles,2019-01-23T23:10:12.649626,112,6
Persons,2019-01-23T23:10:12.883885,117,5
Vehicles,2019-01-23T23:10:13.093020,113,6
Persons,2019-01-23T23:10:13.327996,118,5
Vehicles,2019-01-23T23:10:13.537654,114,6
Persons,2019-01-23T23:10:13.771040,119,5
Vehicles,2019-01-23T23:10:13.981550,115,5
Persons,2019-01-23T23:10:14.213976,120,5
Vehicles,2019-01-23T23:10:14.423021,116,5
Persons,2019-01-23T23:10:14.860721,121,4
Vehicles,2019-01-23T23:10:14.862800,117,6
Persons,2019-01-23T23:10:15.094679,122,4
Vehicles,2019-01-23T23:10:15.303870,118,6
Persons,2019-01-23T23:10:15.538661,123,5
Vehicles,2019-01-23T23:10:15.748570,119,6
Persons,2019-01-23T23:10:15.982236,124,5
Vehicles,2019-01-23T23:10:16.192963,120,6
Persons,2019-01-23T23:10:16.419972,125,5
Vehicles,2019-01-23T23:10:16.630449,121,5
Persons,2019-01-23T23:10:16.860209,126,5
Vehicles,2019-01-23T23:10:17.073384,122,5
Persons,2019-01-23T23:10:17.298259,127,5
Vehicles,2019-01-23T23:10:17.510260,123,5
Persons,2019-01-23T23:10:17.737097,128,4
Vehicles,2019-01-23T23:10:17.951231,124,5
Persons,2019-01-23T23:10:18.174919,129,5
Vehicles,2019-01-23T23:10:18.391912,125,6
Persons,2019-01-23T23:10:18.617207,130,5
Vehicles,2019-01-23T23:10:18.830061,126,6
Persons,2019-01-23T23:10:19.054748,131,5
Vehicles,2019-01-23T23:10:19.270998,127,6
Persons,2019-01-23T23:10:19.496005,132,4
Persons,2019-01-23T23:10:19.730421,133,4
Vehicles,2019-01-23T23:10:19.939189,128,6
Persons,2019-01-23T23:10:20.169297,134,4
Vehicles,2019-01-23T23:10:20.383080,129,6
Persons,2019-01-23T23:10:20.609390,135,4
Vehicles,2019-01-23T23:10:20.821394,130,6
Persons,2019-01-23T23:10:21.050689,136,5
Vehicles,2019-01-23T23:10:21.260547,131,6
Persons,2019-01-23T23:10:21.490043,137,5
Vehicles,2019-01-23T23:10:21.699258,132,6
Persons,2019-01-23T23:10:22.141742,138,5
Vehicles,2019-01-23T23:10:22.143968,133,6
Persons,2019-01-23T23:10:22.582610,139,6
Vehicles,2019-01-23T23:10:22.583457,134,6
Persons,2019-01-23T23:10:22.817827,140,6
Vehicles,2019-01-23T23:10:23.027220,135,6
Persons,2019-01-23T23:10:23.259944,141,5
Vehicles,2019-01-23T23:10:23.468935,136,5
Persons,2019-01-23T23:10:23.700437,142,6
Vehicles,2019-01-23T23:10:23.910056,137,6
Persons,2019-01-23T23:10:24.142080,143,6
Vehicles,2019-01-23T23:10:24.352188,138,6
Persons,2019-01-23T23:10:24.584426,144,6
Vehicles,2019-01-23T23:10:24.793467,139,6
Persons,2019-01-23T23:10:25.025887,145,6
Vehicles,2019-01-23T23:10:25.237113,140,6
Persons,2019-01-23T23:10:25.469919,146,6
Vehicles,2019-01-23T23:10:25.678874,141,5
Persons,2019-01-23T23:10:25.909198,147,6
Vehicles,2019-01-23T23:10:26.118202,142,6
Persons,2019-01-23T23:10:26.349665,148,6
Vehicles,2019-01-23T23:10:26.562425,143,6
Persons,2019-01-23T23:10:26.797908,149,5
Vehicles,2019-01-23T23:10:27.007504,144,6
Persons,2019-01-23T23:10:27.447322,150,5
Vehicles,2019-01-23T23:10:27.450680,145,6
Persons,2019-01-23T23:10:27.682407,151,5
Vehicles,2019-01-23T23:10:27.892520,146,6
Persons,2019-01-23T23:10:28.125581,152,6
Vehicles,2019-01-23T23:10:28.335217,147,6
Vehicles,2019-01-23T23:10:28.780552,148,6
Persons,2019-01-23T23:10:28.570249,153,4
Persons,2019-01-23T23:10:29.221160,154,4
Vehicles,2019-01-23T23:10:28.994805,149,6
Persons,2019-01-23T23:10:29.452702,155,6
Vehicles,2019-01-23T23:10:29.662271,150,6
Persons,2019-01-23T23:10:29.893584,156,6
Vehicles,2019-01-23T23:10:30.103849,151,6
Vehicles,2019-01-23T23:10:30.323055,152,5
Persons,2019-01-23T23:10:30.548046,157,6
Persons,2019-01-23T23:10:30.778206,158,5
Vehicles,2019-01-23T23:10:30.988676,153,5
Persons,2019-01-23T23:10:31.217289,159,5
Vehicles,2019-01-23T23:10:31.427542,154,5
Vehicles,2019-01-23T23:10:31.650576,155,5
Persons,2019-01-23T23:10:31.875652,160,6
Vehicles,2019-01-23T23:10:32.090043,156,4
Persons,2019-01-23T23:10:32.313452,161,6
Vehicles,2019-01-23T23:10:32.755343,157,4
Persons,2019-01-23T23:10:32.757216,162,6
Vehicles,2019-01-23T23:10:32.974298,158,4
Persons,2019-01-23T23:10:33.197433,163,7
Vehicles,2019-01-23T23:10:33.414639,159,4
Persons,2019-01-23T23:10:33.641431,164,5
Vehicles,2019-01-23T23:10:33.855813,160,4
Persons,2019-01-23T23:10:34.080376,165,7
Vehicles,2019-01-23T23:10:34.298736,161,4
Persons,2019-01-23T23:10:34.523081,166,7
Vehicles,2019-01-23T23:10:34.740248,162,4
Persons,2019-01-23T23:10:34.964185,167,6
Vehicles,2019-01-23T23:10:35.405771,163,4
Persons,2019-01-23T23:10:35.408202,168,6
Vehicles,2019-01-23T23:10:35.627554,164,4
Persons,2019-01-23T23:10:35.852349,169,7
Vehicles,2019-01-23T23:10:36.069359,165,4
Persons,2019-01-23T23:10:36.294802,170,7
Vehicles,2019-01-23T23:10:36.513924,166,5
Persons,2019-01-23T23:10:36.739219,171,7
Vehicles,2019-01-23T23:10:36.955748,167,5
Persons,2019-01-23T23:10:37.180806,172,7
Persons,2019-01-23T23:10:37.415706,173,7
Vehicles,2019-01-23T23:10:37.625349,168,5
Persons,2019-01-23T23:10:37.858816,174,7
Vehicles,2019-01-23T23:10:38.069860,169,6
Persons,2019-01-23T23:10:38.303971,175,5
Vehicles,2019-01-23T23:10:38.515100,170,7
Persons,2019-01-23T23:10:38.748595,176,6
Vehicles,2019-01-23T23:10:38.959572,171,7
Persons,2019-01-23T23:10:39.188730,177,5
Vehicles,2019-01-23T23:10:39.398631,172,7
Persons,2019-01-23T23:10:39.631925,178,6
Vehicles,2019-01-23T23:10:39.841805,173,7
Persons,2019-01-23T23:10:40.073189,179,5
Vehicles,2019-01-23T23:10:40.282908,174,7
Persons,2019-01-23T23:10:40.512176,180,5
Vehicles,2019-01-23T23:10:40.721223,175,4
Persons,2019-01-23T23:10:40.952611,181,6
Vehicles,2019-01-23T23:10:41.164790,176,4
Persons,2019-01-23T23:10:41.396202,182,6
Vehicles,2019-01-23T23:10:41.605827,177,4
Persons,2019-01-23T23:10:41.836837,183,5
Vehicles,2019-01-23T23:10:42.046900,178,4
Persons,2019-01-23T23:10:42.278250,184,5
Vehicles,2019-01-23T23:10:42.488845,179,5
Persons,2019-01-23T23:10:42.720701,185,3
Vehicles,2019-01-23T23:10:42.929633,180,6
Persons,2019-01-23T23:10:43.161247,186,3
Vehicles,2019-01-23T23:10:43.372037,181,7
Persons,2019-01-23T23:10:43.607427,187,2
Vehicles,2019-01-23T23:10:43.816061,182,5
Persons,2019-01-23T23:10:44.049183,188,3
Vehicles,2019-01-23T23:10:44.258854,183,5
Persons,2019-01-23T23:10:44.490506,189,2
Vehicles,2019-01-23T23:10:44.699864,184,7
Persons,2019-01-23T23:10:44.934309,190,2
Vehicles,2019-01-23T23:10:45.144427,185,5
Persons,2019-01-23T23:10:45.375865,191,2
Vehicles,2019-01-23T23:10:45.585536,186,4
Persons,2019-01-23T23:10:45.817832,192,2
Vehicles,2019-01-23T23:10:46.026792,187,5
Persons,2019-01-23T23:10:46.468283,193,2
Vehicles,2019-01-23T23:10:46.469915,188,4
Persons,2019-01-23T23:10:46.701601,194,2
Vehicles,2019-01-23T23:10:46.910894,189,4
Persons,2019-01-23T23:10:47.142598,195,3
Vehicles,2019-01-23T23:10:47.352957,190,3
Persons,2019-01-23T23:10:47.581643,196,3
Vehicles,2019-01-23T23:10:47.790817,191,4
Persons,2019-01-23T23:10:48.020432,197,4
Vehicles,2019-01-23T23:10:48.229104,192,4
Vehicles,2019-01-23T23:10:48.669034,193,4
Persons,2019-01-23T23:10:48.671569,198,4
Vehicles,2019-01-23T23:10:48.890280,194,5
Persons,2019-01-23T23:10:49.113564,199,4
Persons,2019-01-23T23:10:49.555443,200,2
Vehicles,2019-01-23T23:10:49.330969,195,5
Persons,2019-01-23T23:10:49.786807,201,2
Vehicles,2019-01-23T23:10:49.996503,196,6
Persons,2019-01-23T23:10:50.228814,202,2
Vehicles,2019-01-23T23:10:50.438296,197,6
Persons,2019-01-23T23:10:50.670850,203,2
Vehicles,2019-01-23T23:10:50.883374,198,6
Persons,2019-01-23T23:10:51.112147,204,1
Vehicles,2019-01-23T23:10:51.325633,199,6
Persons,2019-01-23T23:10:51.552842,205,2
Vehicles,2019-01-23T23:10:51.767612,200,6
Persons,2019-01-23T23:10:51.995061,206,1
Persons,2019-01-23T23:10:52.434327,207,1
Vehicles,2019-01-23T23:10:52.209935,201,6
Persons,2019-01-23T23:10:52.666939,208,1
Vehicles,2019-01-23T23:10:52.875522,202,6
Persons,2019-01-23T23:10:53.102787,209,1
Vehicles,2019-01-23T23:10:53.314194,203,6
Persons,2019-01-23T23:10:53.541538,210,1
Vehicles,2019-01-23T23:10:53.751675,204,6
Persons,2019-01-23T23:10:53.978714,211,1
Vehicles,2019-01-23T23:10:54.192052,205,5
Persons,2019-01-23T23:10:54.418034,212,1
Persons,2019-01-23T23:10:54.857145,213,1
Vehicles,2019-01-23T23:10:54.632243,206,5
Persons,2019-01-23T23:10:55.088960,214,1
Vehicles,2019-01-23T23:10:55.298329,207,6
Persons,2019-01-23T23:10:55.528909,215,1
Vehicles,2019-01-23T23:10:55.737829,208,6
Persons,2019-01-23T23:10:55.970236,216,1
Vehicles,2019-01-23T23:10:56.179804,209,6
Persons,2019-01-23T23:10:56.412510,217,1
Vehicles,2019-01-23T23:10:56.621855,210,6
Persons,2019-01-23T23:10:56.852214,218,1
Vehicles,2019-01-23T23:10:57.065457,211,6
Persons,2019-01-23T23:10:57.290598,219,1
Persons,2019-01-23T23:10:57.733080,220,1
Vehicles,2019-01-23T23:10:57.506955,212,6
Persons,2019-01-23T23:10:57.962992,221,1
Vehicles,2019-01-23T23:10:58.174201,213,6
Persons,2019-01-23T23:10:58.403006,222,0
Persons,2019-01-23T23:10:58.840611,223,0
Vehicles,2019-01-23T23:10:58.615967,214,6
Persons,2019-01-23T23:10:59.282561,224,0
Vehicles,2019-01-23T23:10:59.058478,215,6
Persons,2019-01-23T23:10:59.513136,225,0
Vehicles,2019-01-23T23:10:59.722074,216,6
Persons,2019-01-23T23:10:59.955582,226,0
Vehicles,2019-01-23T23:11:00.163710,217,6
Persons,2019-01-23T23:11:00.393103,227,0
Vehicles,2019-01-23T23:11:00.601086,218,6
Persons,2019-01-23T23:11:00.832803,228,0
Vehicles,2019-01-23T23:11:01.041918,219,6
Persons,2019-01-23T23:11:01.271570,229,0
Vehicles,2019-01-23T23:11:01.482009,220,6
Persons,2019-01-23T23:11:01.707356,230,0
Vehicles,2019-01-23T23:11:01.921344,221,6
Persons,2019-01-23T23:11:02.144959,231,0
Persons,2019-01-23T23:11:02.586721,232,0
Vehicles,2019-01-23T23:11:02.360089,222,7
Persons,2019-01-23T23:11:02.813844,233,0
Vehicles,2019-01-23T23:11:03.021609,223,7
Persons,2019-01-23T23:11:03.253621,234,0
Persons,2019-01-23T23:11:03.693348,235,0
Vehicles,2019-01-23T23:11:03.467913,224,7
Persons,2019-01-23T23:11:03.924766,236,0
Vehicles,2019-01-23T23:11:04.132844,225,7
Persons,2019-01-23T23:11:04.573681,237,0
Vehicles,2019-01-23T23:11:04.349107,226,7
Persons,2019-01-23T23:11:04.806830,238,0
Vehicles,2019-01-23T23:11:05.018943,227,7
Persons,2019-01-23T23:11:05.245629,239,0
Persons,2019-01-23T23:11:05.683613,240,0
Vehicles,2019-01-23T23:11:05.458415,228,7
Persons,2019-01-23T23:11:05.912241,241,0
Vehicles,2019-01-23T23:11:06.122570,229,7
Persons,2019-01-23T23:11:06.349341,242,0
Persons,2019-01-23T23:11:06.786605,243,0
Vehicles,2019-01-23T23:11:06.562240,230,6
Persons,2019-01-23T23:11:07.016484,244,0
Vehicles,2019-01-23T23:11:07.226715,231,6
Persons,2019-01-23T23:11:07.452113,245,0
Persons,2019-01-23T23:11:07.890517,246,0
Vehicles,2019-01-23T23:11:07.663824,232,6
Persons,2019-01-23T23:11:08.122565,247,0
Vehicles,2019-01-23T23:11:08.330233,233,6
Persons,2019-01-23T23:11:08.770598,248,0
Vehicles,2019-01-23T23:11:08.771735,234,5
Persons,2019-01-23T23:11:09.003405,249,0
Vehicles,2019-01-23T23:11:09.211775,235,5
Persons,2019-01-23T23:11:09.443214,250,0
Vehicles,2019-01-23T23:11:09.653529,236,5
Persons,2019-01-23T23:11:09.881028,251,0
Persons,2019-01-23T23:11:10.320090,252,0
Vehicles,2019-01-23T23:11:10.095500,237,5
Persons,2019-01-23T23:11:10.548300,253,0
Vehicles,2019-01-23T23:11:10.759331,238,5
Persons,2019-01-23T23:11:10.987635,254,0
Persons,2019-01-23T23:11:11.427147,255,0
Vehicles,2019-01-23T23:11:11.203726,239,5
Persons,2019-01-23T23:11:11.662917,256,0
Vehicles,2019-01-23T23:11:11.870376,240,5
Persons,2019-01-23T23:11:12.100306,257,0
Vehicles,2019-01-23T23:11:12.309229,241,5
Persons,2019-01-23T23:11:12.538166,258,0
Vehicles,2019-01-23T23:11:12.745845,242,5
Persons,2019-01-23T23:11:12.973902,259,0
Vehicles,2019-01-23T23:11:13.185396,243,5
Persons,2019-01-23T23:11:13.410283,260,0
Vehicles,2019-01-23T23:11:13.622058,244,6
Persons,2019-01-23T23:11:13.846429,261,0
Vehicles,2019-01-23T23:11:14.059485,245,5
Persons,2019-01-23T23:11:14.284741,262,0
Persons,2019-01-23T23:11:14.722088,263,0
Vehicles,2019-01-23T23:11:14.498495,246,6
Persons,2019-01-23T23:11:14.952935,264,0
Vehicles,2019-01-23T23:11:15.163021,247,6
Persons,2019-01-23T23:11:15.389735,265,0
Persons,2019-01-23T23:11:15.826499,266,0
Vehicles,2019-01-23T23:11:15.602214,248,6
Persons,2019-01-23T23:11:16.057745,267,0
Vehicles,2019-01-23T23:11:16.266765,249,6
Persons,2019-01-23T23:11:16.497071,268,0
Vehicles,2019-01-23T23:11:16.705742,250,6
Persons,2019-01-23T23:11:16.936634,269,0
Vehicles,2019-01-23T23:11:17.145237,251,6
Persons,2019-01-23T23:11:17.373922,270,0
Vehicles,2019-01-23T23:11:17.585857,252,6
Persons,2019-01-23T23:11:17.810915,271,0
Vehicles,2019-01-23T23:11:18.023847,253,6
Persons,2019-01-23T23:11:18.249922,272,0
Persons,2019-01-23T23:11:18.687990,273,1
Vehicles,2019-01-23T23:11:18.464581,254,6
Persons,2019-01-23T23:11:18.919753,274,1
Vehicles,2019-01-23T23:11:19.130737,255,6
Persons,2019-01-23T23:11:19.356791,275,1
Vehicles,2019-01-23T23:11:19.573030,256,6
Persons,2019-01-23T23:11:19.805435,276,2
Persons,2019-01-23T23:11:20.238770,277,2
Vehicles,2019-01-23T23:11:20.240898,257,5
Persons,2019-01-23T23:11:20.472016,278,2
Vehicles,2019-01-23T23:11:20.681067,258,5
Persons,2019-01-23T23:11:20.911671,279,1
Vehicles,2019-01-23T23:11:21.120538,259,4
Persons,2019-01-23T23:11:21.351004,280,2
Vehicles,2019-01-23T23:11:21.560235,260,6
Persons,2019-01-23T23:11:21.794552,281,3
Vehicles,2019-01-23T23:11:22.004109,261,6
Persons,2019-01-23T23:11:22.444930,282,2
Vehicles,2019-01-23T23:11:22.447850,262,6
Persons,2019-01-23T23:11:22.677598,283,3
Vehicles,2019-01-23T23:11:22.888333,263,6
Persons,2019-01-23T23:11:23.121760,284,3
Vehicles,2019-01-23T23:11:23.333111,264,6
Persons,2019-01-23T23:11:23.558362,285,4
Vehicles,2019-01-23T23:11:23.770405,265,5
Persons,2019-01-23T23:11:23.999289,286,4
Vehicles,2019-01-23T23:11:24.212604,266,6
Persons,2019-01-23T23:11:24.436614,287,5
Vehicles,2019-01-23T23:11:24.655586,267,6
Persons,2019-01-23T23:11:24.881177,288,5
Vehicles,2019-01-23T23:11:25.321033,268,6
Persons,2019-01-23T23:11:25.319842,289,5
Persons,2019-01-23T23:11:25.766315,290,5
Vehicles,2019-01-23T23:11:25.764551,269,5
Persons,2019-01-23T23:11:26.005023,291,5
Vehicles,2019-01-23T23:11:26.215157,270,5
Persons,2019-01-23T23:11:26.446568,292,5
Vehicles,2019-01-23T23:11:26.656976,271,7
Persons,2019-01-23T23:11:26.888249,293,5
Vehicles,2019-01-23T23:11:27.098492,272,6
Persons,2019-01-23T23:11:27.330255,294,5
Vehicles,2019-01-23T23:11:27.539336,273,6
Persons,2019-01-23T23:11:27.770306,295,5
Vehicles,2019-01-23T23:11:27.981452,274,6
Persons,2019-01-23T23:11:28.212935,296,4
Vehicles,2019-01-23T23:11:28.422404,275,5
Persons,2019-01-23T23:11:28.652596,297,4
Vehicles,2019-01-23T23:11:28.862037,276,5
Persons,2019-01-23T23:11:29.093517,298,4
Vehicles,2019-01-23T23:11:29.303389,277,4
Persons,2019-01-23T23:11:29.535844,299,4
Vehicles,2019-01-23T23:11:29.746584,278,4
Persons,2019-01-23T23:11:29.981313,300,4
Vehicles,2019-01-23T23:11:30.191288,279,4
Persons,2019-01-23T23:11:30.421567,301,4
Vehicles,2019-01-23T23:11:30.634504,280,5
Persons,2019-01-23T23:11:30.866393,302,4
Vehicles,2019-01-23T23:11:31.076103,281,5
Persons,2019-01-23T23:11:31.306816,303,4
Vehicles,2019-01-23T23:11:31.518064,282,5
Persons,2019-01-23T23:11:31.750882,304,4
Vehicles,2019-01-23T23:11:31.961536,283,5
Persons,2019-01-23T23:11:32.194085,305,4
Vehicles,2019-01-23T23:11:32.403682,284,5
Vehicles,2019-01-23T23:11:32.843261,285,3
Persons,2019-01-23T23:11:32.634078,306,4
Vehicles,2019-01-23T23:11:33.058816,286,3
Persons,2019-01-23T23:11:33.281929,307,4
Vehicles,2019-01-23T23:11:33.502467,287,6
Persons,2019-01-23T23:11:33.727494,308,4
Persons,2019-01-23T23:11:33.958618,309,4
Vehicles,2019-01-23T23:11:34.168332,288,6
Persons,2019-01-23T23:11:34.404036,310,4
Vehicles,2019-01-23T23:11:34.615439,289,6
Persons,2019-01-23T23:11:34.848553,311,4
Vehicles,2019-01-23T23:11:35.057786,290,5
Persons,2019-01-23T23:11:35.288954,312,3
Vehicles,2019-01-23T23:11:35.501314,291,5
Persons,2019-01-23T23:11:35.729882,313,3
Vehicles,2019-01-23T23:11:35.941976,292,5
Persons,2019-01-23T23:11:36.167573,314,3
Vehicles,2019-01-23T23:11:36.383854,293,5
Persons,2019-01-23T23:11:36.609646,315,3
Persons,2019-01-23T23:11:37.050352,316,3
Vehicles,2019-01-23T23:11:37.053074,294,5
Persons,2019-01-23T23:11:37.283800,317,3
Vehicles,2019-01-23T23:11:37.494056,295,5
Persons,2019-01-23T23:11:37.729532,318,3
Vehicles,2019-01-23T23:11:37.938680,296,5
Persons,2019-01-23T23:11:38.169332,319,3
Vehicles,2019-01-23T23:11:38.378577,297,5
Persons,2019-01-23T23:11:38.609135,320,3
Vehicles,2019-01-23T23:11:38.822168,298,5
Persons,2019-01-23T23:11:39.047359,321,4
Vehicles,2019-01-23T23:11:39.264652,299,5
Persons,2019-01-23T23:11:39.488522,322,4
Vehicles,2019-01-23T23:11:39.704583,300,5
Persons,2019-01-23T23:11:39.928074,323,4
Vehicles,2019-01-23T23:11:40.142715,301,4
Persons,2019-01-23T23:11:40.367780,324,3
Persons,2019-01-23T23:11:40.809476,325,4
Vehicles,2019-01-23T23:11:40.810362,302,5
Persons,2019-01-23T23:11:41.041931,326,4
Vehicles,2019-01-23T23:11:41.252453,303,5
Persons,2019-01-23T23:11:41.482507,327,4
Vehicles,2019-01-23T23:11:41.694707,304,5
Persons,2019-01-23T23:11:41.922751,328,4
Persons,2019-01-23T23:11:42.358024,329,4
Vehicles,2019-01-23T23:11:42.135536,305,5
Persons,2019-01-23T23:11:42.587810,330,4
Vehicles,2019-01-23T23:11:42.798004,306,5
Persons,2019-01-23T23:11:43.029498,331,4
Vehicles,2019-01-23T23:11:43.239728,307,5
Persons,2019-01-23T23:11:43.470826,332,4
Vehicles,2019-01-23T23:11:43.681066,308,5
Persons,2019-01-23T23:11:43.907370,333,4
Vehicles,2019-01-23T23:11:44.122149,309,5
Persons,2019-01-23T23:11:44.346776,334,3
Vehicles,2019-01-23T23:11:44.559360,310,6
Persons,2019-01-23T23:11:44.783161,335,3
Persons,2019-01-23T23:11:45.223492,336,3
Vehicles,2019-01-23T23:11:44.997797,311,6
Persons,2019-01-23T23:11:45.457206,337,3
Vehicles,2019-01-23T23:11:45.666088,312,6
Persons,2019-01-23T23:11:45.898165,338,4
Vehicles,2019-01-23T23:11:46.108661,313,6
Persons,2019-01-23T23:11:46.341028,339,4
Vehicles,2019-01-23T23:11:46.551522,314,5
Vehicles,2019-01-23T23:11:46.993024,315,5
Persons,2019-01-23T23:11:46.783167,340,4
Persons,2019-01-23T23:11:47.224437,341,4
Vehicles,2019-01-23T23:11:47.434576,316,6
Vehicles,2019-01-23T23:11:47.653253,317,7
Persons,2019-01-23T23:11:47.878692,342,4
Vehicles,2019-01-23T23:11:48.097661,318,7
Persons,2019-01-23T23:11:48.322827,343,4
Vehicles,2019-01-23T23:11:48.538894,319,5
Persons,2019-01-23T23:11:48.762472,344,4
Vehicles,2019-01-23T23:11:48.979022,320,5
Persons,2019-01-23T23:11:49.203457,345,4
Vehicles,2019-01-23T23:11:49.421822,321,6
Persons,2019-01-23T23:11:49.646122,346,4
Vehicles,2019-01-23T23:11:49.862654,322,6
Persons,2019-01-23T23:11:50.086910,347,4
Persons,2019-01-23T23:11:50.530287,348,4
Vehicles,2019-01-23T23:11:50.532225,323,6
Persons,2019-01-23T23:11:50.762472,349,4
Vehicles,2019-01-23T23:11:50.973363,324,7
Persons,2019-01-23T23:11:51.201382,350,4
Vehicles,2019-01-23T23:11:51.415193,325,8
Persons,2019-01-23T23:11:51.640679,351,4
Persons,2019-01-23T23:11:52.085373,352,4
Vehicles,2019-01-23T23:11:51.859612,326,8
Persons,2019-01-23T23:11:52.317405,353,4
Vehicles,2019-01-23T23:11:52.527542,327,9
Persons,2019-01-23T23:11:52.759647,354,4
Vehicles,2019-01-23T23:11:52.970117,328,9
Vehicles,2019-01-23T23:11:53.189362,329,6
Persons,2019-01-23T23:11:53.414418,355,4
Persons,2019-01-23T23:11:53.859507,356,4
Vehicles,2019-01-23T23:11:53.632663,330,6
Persons,2019-01-23T23:11:54.089302,357,4
Vehicles,2019-01-23T23:11:54.297999,331,6
Persons,2019-01-23T23:11:54.739189,358,4
Vehicles,2019-01-23T23:11:54.741649,332,6
Persons,2019-01-23T23:11:54.975057,359,4
Vehicles,2019-01-23T23:11:55.186643,333,6
Persons,2019-01-23T23:11:55.413889,360,4
Vehicles,2019-01-23T23:11:55.626279,334,7
Persons,2019-01-23T23:11:55.852455,361,4
Vehicles,2019-01-23T23:11:56.064101,335,5
Persons,2019-01-23T23:11:56.290889,362,4
Vehicles,2019-01-23T23:11:56.504595,336,6
Persons,2019-01-23T23:11:56.730349,363,4
Vehicles,2019-01-23T23:11:56.947220,337,6
Persons,2019-01-23T23:11:57.172591,364,4
Persons,2019-01-23T23:11:57.406626,365,4
Vehicles,2019-01-23T23:11:57.617586,338,6
Persons,2019-01-23T23:11:57.847276,366,2
Vehicles,2019-01-23T23:11:58.059775,339,6
Persons,2019-01-23T23:11:58.283168,367,4
Persons,2019-01-23T23:11:58.722553,368,3
Vehicles,2019-01-23T23:11:58.725155,340,6
Persons,2019-01-23T23:11:58.954779,369,3
Vehicles,2019-01-23T23:11:59.165138,341,6
Persons,2019-01-23T23:11:59.398829,370,3
Vehicles,2019-01-23T23:11:59.609074,342,7
Persons,2019-01-23T23:11:59.838784,371,3
Vehicles,2019-01-23T23:12:00.053504,343,7
Persons,2019-01-23T23:12:00.279925,372,3
Persons,2019-01-23T23:12:00.716771,373,3
Vehicles,2019-01-23T23:12:00.493034,344,7
Persons,2019-01-23T23:12:00.947104,374,3
Vehicles,2019-01-23T23:12:01.156351,345,7
Persons,2019-01-23T23:12:01.388482,375,2
Vehicles,2019-01-23T23:12:01.597496,346,6
Persons,2019-01-23T23:12:01.828735,376,2
Vehicles,2019-01-23T23:12:02.039231,347,6
Persons,2019-01-23T23:12:02.271415,377,1
Vehicles,2019-01-23T23:12:02.480494,348,6
Persons,2019-01-23T23:12:02.714988,378,1
Vehicles,2019-01-23T23:12:02.923925,349,6
Persons,2019-01-23T23:12:03.155939,379,1
Vehicles,2019-01-23T23:12:03.364986,350,7
Persons,2019-01-23T23:12:03.595921,380,1
Vehicles,2019-01-23T23:12:03.807615,351,7
Persons,2019-01-23T23:12:04.035361,381,0
Persons,2019-01-23T23:12:04.471262,382,2
Vehicles,2019-01-23T23:12:04.474340,352,6
Persons,2019-01-23T23:12:04.706589,383,3
Vehicles,2019-01-23T23:12:04.915222,353,6
Persons,2019-01-23T23:12:05.352133,384,2
Vehicles,2019-01-23T23:12:05.353885,354,6
Persons,2019-01-23T23:12:05.792307,385,2
Vehicles,2019-01-23T23:12:05.793988,355,6
Persons,2019-01-23T23:12:06.027265,386,2
Vehicles,2019-01-23T23:12:06.236634,356,4
Persons,2019-01-23T23:12:06.470725,387,3
Vehicles,2019-01-23T23:12:06.679430,357,4
Persons,2019-01-23T23:12:06.910939,388,3
Vehicles,2019-01-23T23:12:07.120680,358,5
Persons,2019-01-23T23:12:07.351195,389,3
Vehicles,2019-01-23T23:12:07.560533,359,4
Persons,2019-01-23T23:12:07.794495,390,3
Vehicles,2019-01-23T23:12:08.003011,360,5
Persons,2019-01-23T23:12:08.234557,391,2
Vehicles,2019-01-23T23:12:08.445820,361,6
Persons,2019-01-23T23:12:08.677323,392,2
Vehicles,2019-01-23T23:12:08.886782,362,6
Persons,2019-01-23T23:12:09.114435,393,3
Vehicles,2019-01-23T23:12:09.327383,363,6
Persons,2019-01-23T23:12:09.556689,394,3
Vehicles,2019-01-23T23:12:09.769675,364,6
Persons,2019-01-23T23:12:09.998322,395,4
Vehicles,2019-01-23T23:12:10.209816,365,6
Persons,2019-01-23T23:12:10.436494,396,1
Persons,2019-01-23T23:12:10.875217,397,2
Vehicles,2019-01-23T23:12:10.651637,366,6
Persons,2019-01-23T23:12:11.107364,398,1
Vehicles,2019-01-23T23:12:11.317458,367,6
Persons,2019-01-23T23:12:11.545847,399,1
Vehicles,2019-01-23T23:12:11.757793,368,6
Persons,2019-01-23T23:12:11.985504,400,1
Persons,2019-01-23T23:12:12.423386,401,1
Vehicles,2019-01-23T23:12:12.198280,369,6
Persons,2019-01-23T23:12:12.655344,402,1
Vehicles,2019-01-23T23:12:12.864079,370,6
Persons,2019-01-23T23:12:13.092755,403,1
Vehicles,2019-01-23T23:12:13.303249,371,6
Persons,2019-01-23T23:12:13.531314,404,1
Persons,2019-01-23T23:12:13.969526,405,2
Vehicles,2019-01-23T23:12:13.744745,372,7
Persons,2019-01-23T23:12:14.200789,406,3
Vehicles,2019-01-23T23:12:14.411644,373,6
Persons,2019-01-23T23:12:14.639123,407,3
Vehicles,2019-01-23T23:12:14.853669,374,7
Persons,2019-01-23T23:12:15.080729,408,3
Vehicles,2019-01-23T23:12:15.292827,375,6
Persons,2019-01-23T23:12:15.517873,409,3
Vehicles,2019-01-23T23:12:15.730803,376,6
Persons,2019-01-23T23:12:15.956029,410,3
Vehicles,2019-01-23T23:12:16.176459,377,6
Persons,2019-01-23T23:12:16.400028,411,3
Persons,2019-01-23T23:12:16.841209,412,3
Vehicles,2019-01-23T23:12:16.615922,378,6
Vehicles,2019-01-23T23:12:17.282133,379,6
Persons,2019-01-23T23:12:17.073090,413,3
Vehicles,2019-01-23T23:12:17.720198,380,6
Persons,2019-01-23T23:12:17.511756,414,3
Persons,2019-01-23T23:12:17.952577,415,2
Vehicles,2019-01-23T23:12:18.160818,381,7
Persons,2019-01-23T23:12:18.392192,416,2
Vehicles,2019-01-23T23:12:18.601428,382,7
Persons,2019-01-23T23:12:18.835544,417,2
Vehicles,2019-01-23T23:12:19.043480,383,7
Persons,2019-01-23T23:12:19.274745,418,2
Vehicles,2019-01-23T23:12:19.482652,384,6
Persons,2019-01-23T23:12:19.924634,419,2
Vehicles,2019-01-23T23:12:19.926512,385,6
Persons,2019-01-23T23:12:20.159129,420,3
Vehicles,2019-01-23T23:12:20.368470,386,5
Persons,2019-01-23T23:12:20.596472,421,3
Vehicles,2019-01-23T23:12:20.806779,387,5
Persons,2019-01-23T23:12:21.035761,422,3
Vehicles,2019-01-23T23:12:21.249179,388,5
Persons,2019-01-23T23:12:21.479507,423,3
Vehicles,2019-01-23T23:12:21.694144,389,5
Persons,2019-01-23T23:12:21.920896,424,3
Persons,2019-01-23T23:12:22.362478,425,3
Vehicles,2019-01-23T23:12:22.137125,390,7
Persons,2019-01-23T23:12:22.595469,426,3
Vehicles,2019-01-23T23:12:22.804758,391,5
Persons,2019-01-23T23:12:23.035152,427,2
Vehicles,2019-01-23T23:12:23.244589,392,6
Persons,2019-01-23T23:12:23.476447,428,3
Vehicles,2019-01-23T23:12:23.684927,393,6
Persons,2019-01-23T23:12:23.918390,429,2
Vehicles,2019-01-23T23:12:24.126600,394,6
Persons,2019-01-23T23:12:24.358523,430,2
Vehicles,2019-01-23T23:12:24.569357,395,7
Persons,2019-01-23T23:12:24.804605,431,2
Vehicles,2019-01-23T23:12:25.012917,396,7
Persons,2019-01-23T23:12:25.243619,432,2
Vehicles,2019-01-23T23:12:25.456639,397,7
Persons,2019-01-23T23:12:25.686359,433,2
Persons,2019-01-23T23:12:26.126517,434,2
Vehicles,2019-01-23T23:12:25.900866,398,7
Persons,2019-01-23T23:12:26.355972,435,2
Vehicles,2019-01-23T23:12:26.566244,399,7
Persons,2019-01-23T23:12:26.793210,436,2
Persons,2019-01-23T23:12:27.230691,437,2
Vehicles,2019-01-23T23:12:27.005629,400,7
Persons,2019-01-23T23:12:27.464708,438,2
Vehicles,2019-01-23T23:12:27.673072,401,7
Persons,2019-01-23T23:12:27.902936,439,2
Vehicles,2019-01-23T23:12:28.111533,402,6
Persons,2019-01-23T23:12:28.345728,440,2
Vehicles,2019-01-23T23:12:28.555647,403,7
Persons,2019-01-23T23:12:28.784743,441,1
Vehicles,2019-01-23T23:12:28.993058,404,6
Persons,2019-01-23T23:12:29.225117,442,2
Vehicles,2019-01-23T23:12:29.435018,405,6
Persons,2019-01-23T23:12:29.667431,443,1
Vehicles,2019-01-23T23:12:29.879271,406,6
Persons,2019-01-23T23:12:30.106648,444,1
Vehicles,2019-01-23T23:12:30.318914,407,7
Persons,2019-01-23T23:12:30.545126,445,1
Persons,2019-01-23T23:12:30.989078,446,4
Vehicles,2019-01-23T23:12:30.761631,408,7
Persons,2019-01-23T23:12:31.218278,447,4
Vehicles,2019-01-23T23:12:31.428432,409,6
Persons,2019-01-23T23:12:31.663406,448,4
Vehicles,2019-01-23T23:12:31.875140,410,6
Persons,2019-01-23T23:12:32.107466,449,3
Vehicles,2019-01-23T23:12:32.317829,411,5
Persons,2019-01-23T23:12:32.546077,450,3
Vehicles,2019-01-23T23:12:32.761735,412,8
Persons,2019-01-23T23:12:32.989385,451,3
Persons,2019-01-23T23:12:33.432722,452,3
Vehicles,2019-01-23T23:12:33.206786,413,8
Vehicles,2019-03-27T16:01:46.660201,0,6,0
Persons,2019-03-27T16:01:46.895278,0,9,0
Vehicles,2019-03-27T16:01:47.342889,1,6,6
Persons,2019-03-27T16:01:47.347189,1,9,9
Vehicles,2019-03-27T16:01:47.815507,2,4,6
Persons,2019-03-27T16:01:47.596384,2,10,9
Vehicles,2019-03-27T16:01:48.268229,3,4,6
Persons,2019-03-27T16:01:48.286040,3,10,10
Vehicles,2019-03-27T16:01:48.516151,4,4,6
Persons,2019-03-27T16:01:48.763655,4,10,10
Vehicles,2019-03-27T16:01:48.985706,5,4,6
Persons,2019-03-27T16:01:49.216802,5,10,10
Vehicles,2019-03-27T16:01:49.437099,6,4,6
Vehicles,2019-03-27T16:01:49.896361,7,4,6
Persons,2019-03-27T16:01:49.679207,6,10,10
Vehicles,2019-03-27T16:01:50.119590,8,4,6
Vehicles,2019-03-27T16:01:50.573702,9,4,6
Persons,2019-03-27T16:01:50.362972,7,10,10
Vehicles,2019-03-27T16:01:50.793042,10,4,6
Persons,2019-03-27T16:01:51.028394,8,10,10
Vehicles,2019-03-27T16:01:51.250205,11,4,6
Vehicles,2019-03-27T16:01:51.704375,12,4,6
Persons,2019-03-27T16:01:51.488009,9,11,10
Vehicles,2019-03-27T16:01:51.924433,13,5,6
Vehicles,2019-03-27T16:01:52.382419,14,5,7
Persons,2019-03-27T16:01:52.159266,10,9,11
Vehicles,2019-03-27T16:01:52.599360,15,5,7
Vehicles,2019-03-27T16:01:53.049093,16,6,7
Persons,2019-03-27T16:01:52.828195,11,9,11
Vehicles,2019-03-27T16:01:53.498532,17,5,8
Persons,2019-03-27T16:01:53.507787,12,9,11
Vehicles,2019-03-27T16:01:53.734702,18,5,8
Vehicles,2019-03-27T16:01:54.176892,19,5,8
Persons,2019-03-27T16:01:54.184591,13,8,11
Vehicles,2019-03-27T16:01:54.410239,20,5,8
Vehicles,2019-03-27T16:01:54.866933,21,5,8
Persons,2019-03-27T16:01:54.650029,14,8,11
Vehicles,2019-03-27T16:01:55.085567,22,5,8
Vehicles,2019-03-27T16:01:55.529353,23,5,8
Persons,2019-03-27T16:01:55.536511,15,8,11
Vehicles,2019-03-27T16:01:55.766737,24,5,8
Vehicles,2019-03-27T16:01:56.215109,25,5,8
Persons,2019-03-27T16:01:56.221785,16,8,11
Vehicles,2019-03-27T16:01:56.447415,26,5,8
Vehicles,2019-03-27T16:01:56.905651,27,5,8
Persons,2019-03-27T16:01:56.686166,17,8,12
Vehicles,2019-03-27T16:01:57.131770,28,5,8
Persons,2019-03-27T16:01:57.366508,18,8,12
Vehicles,2019-03-27T16:01:57.591247,29,5,8
Vehicles,2019-03-27T16:01:58.050616,30,5,8
Persons,2019-03-27T16:01:57.830364,19,7,12
Persons,2019-03-27T16:01:58.289443,20,8,12
Vehicles,2019-03-27T16:01:58.506971,31,6,8
Vehicles,2019-03-27T16:01:58.969219,32,7,9
Persons,2019-03-27T16:01:58.748818,21,8,12
Vehicles,2019-03-27T16:01:59.420868,33,7,10
Persons,2019-03-27T16:01:59.418361,22,9,12
Vehicles,2019-03-27T16:01:59.648197,34,6,10
Vehicles,2019-03-27T16:02:00.099080,35,4,10
Persons,2019-03-27T16:01:59.883881,23,9,12
Vehicles,2019-03-27T16:02:00.320816,36,4,10
Persons,2019-03-27T16:02:00.549862,24,8,12
Vehicles,2019-03-27T16:02:00.781340,37,5,10
Persons,2019-03-27T16:02:01.010701,25,8,12
Vehicles,2019-03-27T16:02:01.242423,38,5,11
Persons,2019-03-27T16:02:01.474514,26,8,12
Vehicles,2019-03-27T16:02:01.935432,39,4,11
Persons,2019-03-27T16:02:01.715824,27,8,12
Vehicles,2019-03-27T16:02:02.161681,40,4,11
Vehicles,2019-03-27T16:02:02.612277,41,6,11
Persons,2019-03-27T16:02:02.399817,28,8,12
Vehicles,2019-03-27T16:02:02.839930,42,5,12
Vehicles,2019-03-27T16:02:03.288951,43,5,12
Persons,2019-03-27T16:02:03.076931,29,8,12
Vehicles,2019-03-27T16:02:03.509440,44,4,12
Persons,2019-03-27T16:02:03.745975,30,8,12
Vehicles,2019-03-27T16:02:03.963583,45,4,12
Vehicles,2019-03-27T16:02:04.425447,46,4,12
Persons,2019-03-27T16:02:04.206791,31,8,12
Vehicles,2019-03-27T16:02:04.651492,47,4,12
Vehicles,2019-03-27T16:02:05.100952,48,4,12
Persons,2019-03-27T16:02:04.882368,32,8,12
Vehicles,2019-03-27T16:02:05.325979,49,4,12
Persons,2019-03-27T16:02:05.554453,33,9,12
Vehicles,2019-03-27T16:02:06.003600,50,4,12
Persons,2019-03-27T16:02:06.006187,34,9,12
Persons,2019-03-27T16:02:06.457574,35,9,12
Vehicles,2019-03-27T16:02:06.232017,51,3,12
Persons,2019-03-27T16:02:07.125862,36,10,12
Persons,2019-03-27T16:02:07.364753,37,10,13
Persons,2019-03-27T16:02:07.605955,38,10,13
Persons,2019-03-27T16:02:07.844909,39,9,13
Persons,2019-03-27T16:02:08.085391,40,9,13
Vehicles,2019-03-27T16:02:36.936172,0,6,0
Persons,2019-03-27T16:02:37.168123,0,9,0
Vehicles,2019-03-27T16:02:37.387210,1,6,6
Persons,2019-03-27T16:02:37.616685,1,9,9
Vehicles,2019-03-27T16:02:38.083695,2,4,6
Persons,2019-03-27T16:02:37.865433,2,10,9
Vehicles,2019-03-27T16:02:38.306618,3,4,6
Vehicles,2019-03-27T16:02:38.755654,4,4,6
Persons,2019-03-27T16:02:38.540025,3,10,10
Vehicles,2019-03-27T16:02:38.981519,5,4,6
Persons,2019-03-27T16:02:39.214322,4,10,10
Vehicles,2019-03-27T16:02:39.441016,6,4,6
Vehicles,2019-03-27T16:02:39.887973,7,4,6
Persons,2019-03-27T16:02:39.675929,5,10,10
Vehicles,2019-03-27T16:02:40.115985,8,4,6
Persons,2019-03-27T16:02:40.350206,6,10,10
Vehicles,2019-03-27T16:02:40.574131,9,4,6
Persons,2019-03-27T16:02:40.806550,7,10,10
Vehicles,2019-03-27T16:02:41.025550,10,4,6
Vehicles,2019-03-27T16:02:41.482041,11,4,6
Persons,2019-03-27T16:02:41.260965,8,10,10
Vehicles,2019-03-27T16:02:41.708118,12,4,6
Persons,2019-03-27T16:02:41.942473,9,11,10
Vehicles,2019-03-27T16:02:42.161479,13,5,6
Persons,2019-03-27T16:02:42.400850,10,9,11
Vehicles,2019-03-27T16:02:42.620438,14,5,7
Persons,2019-03-27T16:02:42.853943,11,9,11
Vehicles,2019-03-27T16:02:43.070973,15,5,7
Vehicles,2019-03-27T16:02:43.556202,16,6,7
Persons,2019-03-27T16:02:43.332985,12,9,11
Vehicles,2019-03-27T16:02:43.780380,17,5,8
Persons,2019-03-27T16:02:44.015547,13,8,11
Vehicles,2019-03-27T16:02:44.243598,18,5,8
Persons,2019-03-27T16:02:44.474853,14,8,11
Vehicles,2019-03-27T16:02:44.697370,19,5,8
Vehicles,2019-03-27T16:02:45.157449,20,5,8
Persons,2019-03-27T16:02:44.938079,15,8,11
Vehicles,2019-03-27T16:02:45.383463,21,5,8
Persons,2019-03-27T16:02:45.618551,16,8,11
Vehicles,2019-03-27T16:02:45.839137,22,5,8
Vehicles,2019-03-27T16:02:46.285633,23,5,8
Persons,2019-03-27T16:02:46.287989,17,8,12
Vehicles,2019-03-27T16:02:46.511816,24,5,8
Persons,2019-03-27T16:02:46.743054,18,8,12
Vehicles,2019-03-27T16:02:46.965738,25,5,8
Persons,2019-03-27T16:02:47.207905,19,7,12
Persons,2019-03-27T16:02:47.667469,20,8,12
Vehicles,2019-03-27T16:02:47.426654,26,5,8
Vehicles,2019-03-27T16:02:47.893731,27,5,8
Persons,2019-03-27T16:02:48.126465,21,8,12
Vehicles,2019-03-27T16:02:48.351261,28,5,8
Persons,2019-03-27T16:02:48.580181,22,9,12
Vehicles,2019-03-27T16:02:48.805709,29,5,8
Persons,2019-03-27T16:02:49.038493,23,9,12
Vehicles,2019-03-27T16:02:49.263963,30,5,8
Persons,2019-03-27T16:02:49.490497,24,8,12
Vehicles,2019-03-27T16:02:49.711537,31,6,8
Persons,2019-03-27T16:02:49.941306,25,8,12
Vehicles,2019-03-27T16:02:50.160200,32,7,9
Persons,2019-03-27T16:02:50.399447,26,8,12
Vehicles,2019-03-27T16:02:50.841413,33,7,10
Persons,2019-03-27T16:02:50.844237,27,8,12
Vehicles,2019-03-27T16:02:51.324838,34,6,10
Persons,2019-03-27T16:02:51.102913,28,8,12
Vehicles,2019-03-27T16:02:51.554166,35,4,10
Persons,2019-03-27T16:02:51.783101,29,8,12
Vehicles,2019-03-27T16:02:52.008945,36,4,10
Vehicles,2019-03-27T16:02:52.458009,37,5,10
Persons,2019-03-27T16:02:52.243327,30,8,12
Vehicles,2019-03-27T16:02:52.684911,38,5,11
Vehicles,2019-03-27T16:02:52.910663,39,4,11
Persons,2019-03-27T16:02:53.135401,31,8,12
Vehicles,2019-03-27T16:02:53.362952,40,4,11
Persons,2019-03-27T16:02:53.592607,32,8,12
Vehicles,2019-03-27T16:02:53.810886,41,6,11
Vehicles,2019-03-27T16:02:54.255713,42,5,12
Persons,2019-03-27T16:02:54.039909,33,9,12
Vehicles,2019-03-27T16:02:54.482291,43,5,12
Vehicles,2019-03-27T16:02:54.942962,44,4,12
Persons,2019-03-27T16:02:54.720975,34,9,12
Vehicles,2019-03-27T16:02:55.167009,45,4,12
Persons,2019-03-27T16:02:55.395398,35,9,12
Vehicles,2019-03-27T16:02:55.847810,46,4,12
Persons,2019-03-27T16:02:55.854864,36,10,12
Vehicles,2019-03-27T16:02:56.084934,47,4,12
Vehicles,2019-03-27T16:02:56.543311,48,4,12
Persons,2019-03-27T16:02:56.532243,37,10,13
Vehicles,2019-03-27T16:02:56.769306,49,4,12
Vehicles,2019-03-27T16:02:57.224405,50,4,12
Persons,2019-03-27T16:02:57.006100,38,10,13
Vehicles,2019-03-27T16:02:57.443292,51,3,12
Vehicles,2019-03-27T16:02:57.903012,52,5,12
Persons,2019-03-27T16:02:57.682215,39,9,13
Persons,2019-03-27T16:02:58.149821,40,9,13
Vehicles,2019-03-27T16:02:58.375530,53,5,14
Vehicles,2019-03-27T16:02:58.822810,54,5,14
Persons,2019-03-27T16:02:58.830887,41,8,13
Vehicles,2019-03-27T16:02:59.059605,55,5,14
Persons,2019-03-27T16:02:59.292288,42,10,13
Vehicles,2019-03-27T16:02:59.751129,56,5,14
Persons,2019-03-27T16:02:59.534297,43,8,13
Vehicles,2019-03-27T16:02:59.979226,57,5,14
Persons,2019-03-27T16:03:00.213608,44,9,13
Vehicles,2019-03-27T16:03:00.663518,58,5,14
Persons,2019-03-27T16:03:00.669110,45,8,13
Vehicles,2019-03-27T16:03:00.896205,59,6,14
Persons,2019-03-27T16:03:01.128216,46,8,13
Vehicles,2019-03-27T16:03:01.355665,60,6,15
Persons,2019-03-27T16:03:01.589516,47,7,13
Vehicles,2019-03-27T16:03:01.815930,61,6,15
Persons,2019-03-27T16:03:02.051571,48,8,13
Vehicles,2019-03-27T16:03:02.274585,62,6,15
Vehicles,2019-03-27T16:03:02.736782,63,6,15
Persons,2019-03-27T16:03:02.510746,49,9,14
Vehicles,2019-03-27T16:03:03.184293,64,6,15
Persons,2019-03-27T16:03:03.190907,50,9,15
Vehicles,2019-03-27T16:03:03.421138,65,6,15
Persons,2019-03-27T16:03:03.652309,51,8,15
Vehicles,2019-03-27T16:03:03.882814,66,6,15
Vehicles,2019-03-27T16:03:04.340340,67,7,15
Persons,2019-03-27T16:03:04.123514,52,9,15
Vehicles,2019-03-27T16:03:04.562955,68,7,16
Persons,2019-03-27T16:03:04.797055,53,7,15
Vehicles,2019-03-27T16:03:05.251844,69,6,16
Persons,2019-03-27T16:03:05.256888,54,8,15
Vehicles,2019-03-27T16:03:05.707020,70,6,16
Persons,2019-03-27T16:03:05.716529,55,8,15
Vehicles,2019-03-27T16:03:06.170662,71,7,16
Persons,2019-03-27T16:03:06.180678,56,8,16
Vehicles,2019-03-27T16:03:06.406307,72,5,16
Persons,2019-03-27T16:03:06.641561,57,8,16
Vehicles,2019-03-27T16:03:07.108760,73,5,16
Persons,2019-03-27T16:03:06.885643,58,8,16
Vehicles,2019-03-27T16:03:07.341016,74,4,16
Vehicles,2019-03-27T16:03:07.804025,75,7,16
Persons,2019-03-27T16:03:07.582232,59,8,16
Vehicles,2019-03-27T16:03:08.032773,76,5,16
Vehicles,2019-03-27T16:03:08.258111,77,5,16
Persons,2019-03-27T16:03:08.489709,60,8,16
Vehicles,2019-03-27T16:03:08.716557,78,5,16
Persons,2019-03-27T16:03:08.950732,61,8,16
Vehicles,2019-03-27T16:03:09.173499,79,5,16
Vehicles,2019-03-27T16:03:09.397197,80,5,16
Persons,2019-03-27T16:03:09.629567,62,8,16
Vehicles,2019-03-27T16:03:09.854461,81,5,16
Persons,2019-03-27T16:03:10.084930,63,9,16
Vehicles,2019-03-27T16:03:10.551939,82,5,16
Persons,2019-03-27T16:03:10.327780,64,9,16
Vehicles,2019-03-27T16:03:11.158586,83,5,16
Vehicles,2019-03-27T16:03:11.378904,84,5,16
Vehicles,2019-03-27T16:03:11.601510,85,5,16
Vehicles,2019-03-27T16:03:11.822658,86,5,16
Vehicles,2019-03-27T16:03:12.039896,87,5,16
Vehicles,2019-03-27T16:03:12.263975,88,5,16
Vehicles,2019-03-27T16:03:12.486188,89,5,16
Vehicles,2019-03-27T16:03:12.706748,90,6,16
Vehicles,2019-03-27T16:03:12.928125,91,6,17
Vehicles,2019-03-27T16:03:13.145300,92,5,17
Vehicles,2019-03-27T16:03:13.368013,93,5,17
Vehicles,2019-03-27T16:03:13.587254,94,4,17
Vehicles,2019-03-27T16:03:13.812802,95,6,17
Vehicles,2019-03-27T16:03:14.036565,96,6,18
Vehicles,2019-03-27T16:03:14.258626,97,5,18
Vehicles,2019-03-27T16:03:14.477536,98,5,18
Vehicles,2019-03-27T16:03:14.699472,99,5,18
Vehicles,2019-03-27T16:03:14.923921,100,6,18
Vehicles,2019-03-27T16:03:15.148019,101,6,19
Vehicles,2019-03-27T16:03:15.371590,102,6,19
Vehicles,2019-03-27T16:03:15.588532,103,6,19
Vehicles,2019-03-27T16:03:15.812108,104,6,19
Vehicles,2019-03-27T16:03:16.036158,105,6,19
Vehicles,2019-03-27T16:03:16.261259,106,7,19
Vehicles,2019-03-27T16:03:16.484277,107,7,20
Vehicles,2019-03-27T16:03:16.707023,108,7,20
Vehicles,2019-03-27T16:03:16.925019,109,7,20
Vehicles,2019-03-27T16:03:17.149631,110,6,20
Vehicles,2019-03-27T16:03:17.373242,111,6,20
Vehicles,2019-03-27T16:03:17.596149,112,6,20
Vehicles,2019-03-27T16:03:17.820592,113,6,20
Vehicles,2019-03-27T16:03:18.039030,114,6,20
Vehicles,2019-03-27T16:03:18.259357,115,5,20
Vehicles,2019-03-27T16:03:18.483191,116,5,20
Vehicles,2019-03-27T16:03:18.708809,117,6,20
Vehicles,2019-03-27T16:03:18.932181,118,6,20
Vehicles,2019-03-27T16:03:19.153282,119,6,20
Vehicles,2019-03-27T16:03:19.373742,120,6,20
Vehicles,2019-03-27T16:03:19.589290,121,5,20
Vehicles,2019-03-27T16:03:19.808487,122,5,20
Vehicles,2019-03-27T16:03:20.034552,123,5,20
Vehicles,2019-03-27T16:03:20.255536,124,5,20
Vehicles,2019-03-27T16:03:20.472984,125,6,20
Vehicles,2019-03-27T16:03:20.696357,126,6,21
Vehicles,2019-03-27T16:03:20.918229,127,6,21
Vehicles,2019-03-27T16:03:21.139166,128,6,21
Vehicles,2019-03-27T16:03:21.363657,129,6,21
Vehicles,2019-03-27T16:03:21.592848,130,6,21
Vehicles,2019-03-27T16:03:21.814564,131,6,21
Vehicles,2019-03-27T16:03:22.038249,132,6,21
Vehicles,2019-03-27T16:03:22.263498,133,6,21
Vehicles,2019-03-27T16:03:22.490419,134,6,21
Vehicles,2019-03-27T16:03:22.715914,135,6,21
Vehicles,2019-03-27T16:03:22.937557,136,5,21
Persons,2019-03-27T16:03:43.567403,0,9,0
Vehicles,2019-03-27T16:03:43.782480,0,6,0
Persons,2019-03-27T16:03:44.019530,1,9,9
Vehicles,2019-03-27T16:03:44.239562,1,6,6
Persons,2019-03-27T16:03:44.473839,2,10,9
Vehicles,2019-03-27T16:03:44.694769,2,4,6
Vehicles,2019-03-27T16:03:45.154372,3,4,6
Persons,2019-03-27T16:03:44.939684,3,10,10
Vehicles,2019-03-27T16:03:45.377918,4,4,6
Persons,2019-03-27T16:03:45.616976,4,10,10
Vehicles,2019-03-27T16:03:45.838922,5,4,6
Persons,2019-03-27T16:03:46.081143,5,10,10
Vehicles,2019-03-27T16:03:46.300428,6,4,6
Vehicles,2019-03-27T16:03:46.761577,7,4,6
Persons,2019-03-27T16:03:46.539713,6,10,10
Vehicles,2019-03-27T16:03:46.991153,8,4,6
Persons,2019-03-27T16:03:47.223517,7,10,10
Vehicles,2019-03-27T16:03:47.448305,9,4,6
Persons,2019-03-27T16:03:47.674496,8,10,10
Vehicles,2019-03-27T16:03:47.899831,10,4,6
Persons,2019-03-27T16:03:48.132554,9,11,10
Vehicles,2019-03-27T16:03:48.361763,11,4,6
Persons,2019-03-27T16:03:48.590503,10,9,11
Vehicles,2019-03-27T16:03:48.830924,12,4,6
Persons,2019-03-27T16:03:49.064747,11,9,11
Vehicles,2019-03-27T16:03:49.293621,13,5,6
Persons,2019-03-27T16:03:49.527195,12,9,11
Persons,2019-03-27T16:03:49.771007,13,8,11
Vehicles,2019-03-27T16:03:49.988995,14,5,7
Persons,2019-03-27T16:03:50.224049,14,8,11
Vehicles,2019-03-27T16:03:50.450114,15,5,7
Persons,2019-03-27T16:03:50.680069,15,8,11
Vehicles,2019-03-27T16:03:50.898267,16,6,7
Persons,2019-03-27T16:03:51.131314,16,8,11
Vehicles,2019-03-27T16:03:51.353297,17,5,8
Vehicles,2019-03-27T16:03:51.804969,18,5,8
Persons,2019-03-27T16:03:51.799440,17,8,12
Vehicles,2019-03-27T16:03:52.034014,19,5,8
Persons,2019-03-27T16:03:52.261905,18,8,12
Vehicles,2019-03-27T16:03:52.724732,20,5,8
Persons,2019-03-27T16:03:52.504423,19,7,12
Vehicles,2019-03-27T16:03:52.947740,21,5,8
Persons,2019-03-27T16:03:53.179677,20,8,12
Vehicles,2019-03-27T16:03:53.401347,22,5,8
Vehicles,2019-03-27T16:03:53.859879,23,5,8
Persons,2019-03-27T16:03:53.637886,21,8,12
Vehicles,2019-03-27T16:03:54.089888,24,5,8
Vehicles,2019-03-27T16:03:54.539297,25,5,8
Persons,2019-03-27T16:03:54.320891,22,9,12
Vehicles,2019-03-27T16:03:54.768895,26,5,8
Persons,2019-03-27T16:03:55.001240,23,9,12
Vehicles,2019-03-27T16:03:55.222576,27,5,8
Persons,2019-03-27T16:03:55.463880,24,8,12
Vehicles,2019-03-27T16:03:55.682564,28,5,8
Persons,2019-03-27T16:03:55.912798,25,8,12
Vehicles,2019-03-27T16:03:56.129637,29,5,8
Persons,2019-03-27T16:03:56.372974,26,8,12
Vehicles,2019-03-27T16:03:56.836963,30,5,8
Persons,2019-03-27T16:03:56.616522,27,8,12
Vehicles,2019-03-27T16:03:57.059596,31,6,8
Persons,2019-03-27T16:03:57.297304,28,8,12
Vehicles,2019-03-27T16:03:57.511677,32,7,9
Persons,2019-03-27T16:03:57.745285,29,8,12
Vehicles,2019-03-27T16:03:57.969315,33,7,10
Persons,2019-03-27T16:03:58.210102,30,8,12
Vehicles,2019-03-27T16:03:58.434667,34,6,10
Persons,2019-03-27T16:03:58.665980,31,8,12
Persons,2019-03-27T16:03:59.511241,32,8,12
Persons,2019-03-27T16:03:59.751736,33,9,12
Persons,2019-03-27T16:03:59.986658,34,9,12
Vehicles,2019-03-27T16:04:20.869302,0,6,0
Persons,2019-03-27T16:04:21.102912,0,9,0
Vehicles,2019-03-27T16:04:21.321602,1,6,6
Persons,2019-03-27T16:04:21.558183,1,9,9
Vehicles,2019-03-27T16:04:21.776249,2,4,6
Persons,2019-03-27T16:04:22.014166,2,10,9
Vehicles,2019-03-27T16:04:22.489418,3,4,6
Persons,2019-03-27T16:04:22.269392,3,10,10
Vehicles,2019-03-27T16:04:22.722178,4,4,6
Persons,2019-03-27T16:04:22.952425,4,10,10
Vehicles,2019-03-27T16:04:23.174851,5,4,6
Persons,2019-03-27T16:04:23.407970,5,10,10
Vehicles,2019-03-27T16:04:23.625691,6,4,6
Persons,2019-03-27T16:04:23.856590,6,10,10
Vehicles,2019-03-27T16:04:24.073298,7,4,6
Persons,2019-03-27T16:04:24.303214,7,10,10
Vehicles,2019-03-27T16:04:24.525929,8,4,6
Persons,2019-03-27T16:04:24.760508,8,10,10
Vehicles,2019-03-27T16:04:24.979275,9,4,6
Persons,2019-03-27T16:04:25.212128,9,11,10
Vehicles,2019-03-27T16:04:25.438685,10,4,6
Persons,2019-03-27T16:04:25.671925,10,9,11
Vehicles,2019-03-27T16:04:25.903016,11,4,6
Persons,2019-03-27T16:04:26.128525,11,9,11
Vehicles,2019-03-27T16:04:26.358801,12,4,6
Persons,2019-03-27T16:04:26.591302,12,9,11
Vehicles,2019-03-27T16:04:26.821454,13,5,6
Vehicles,2019-03-27T16:04:27.269539,14,5,7
Persons,2019-03-27T16:04:27.052557,13,8,11
Vehicles,2019-03-27T16:04:27.499177,15,5,7
Persons,2019-03-27T16:04:27.736457,14,8,11
Vehicles,2019-03-27T16:04:27.960540,16,6,7
Persons,2019-03-27T16:04:28.196171,15,8,11
Vehicles,2019-03-27T16:04:28.417072,17,5,8
Vehicles,2019-03-27T16:04:28.892919,18,5,8
Persons,2019-03-27T16:04:28.669570,16,8,11
Vehicles,2019-03-27T16:04:29.124211,19,5,8
Persons,2019-03-27T16:04:29.360776,17,8,12
Vehicles,2019-03-27T16:04:29.597718,20,5,8
Persons,2019-03-27T16:04:29.826982,18,8,12
Vehicles,2019-03-27T16:04:30.051726,21,5,8
Persons,2019-03-27T16:04:30.285749,19,7,12
Vehicles,2019-03-27T16:04:30.503647,22,5,8
Persons,2019-03-27T16:04:30.734200,20,8,12
Vehicles,2019-03-27T16:04:30.955139,23,5,8
Persons,2019-03-27T16:04:31.401995,21,8,12
Vehicles,2019-03-27T16:04:31.412883,24,5,8
Vehicles,2019-03-27T16:04:31.864676,25,5,8
Persons,2019-03-27T16:04:31.653267,22,9,12
Persons,2019-03-27T16:04:32.321550,23,9,12
Vehicles,2019-03-27T16:04:32.089696,26,5,8
Persons,2019-03-27T16:04:32.570178,24,8,12
Vehicles,2019-03-27T16:04:32.785436,27,5,8
Persons,2019-03-27T16:04:33.026689,25,8,12
Vehicles,2019-03-27T16:04:33.257684,28,5,8
Persons,2019-03-27T16:04:33.491305,26,8,12
Vehicles,2019-03-27T16:04:33.949745,29,5,8
Persons,2019-03-27T16:04:33.946336,27,8,12
Vehicles,2019-03-27T16:04:34.197514,30,5,8
Persons,2019-03-27T16:04:34.428100,28,8,12
Vehicles,2019-03-27T16:04:34.661126,31,6,8
Persons,2019-03-27T16:04:34.895390,29,8,12
Vehicles,2019-03-27T16:04:35.120301,32,7,9
Persons,2019-03-27T16:04:35.356897,30,8,12
Vehicles,2019-03-27T16:04:35.581805,33,7,10
Persons,2019-03-27T16:04:35.814891,31,8,12
Vehicles,2019-03-27T16:04:36.038013,34,6,10
Persons,2019-03-27T16:04:36.279730,32,8,12
Vehicles,2019-03-27T16:04:36.505406,35,4,10
Persons,2019-03-27T16:04:36.739550,33,9,12
Vehicles,2019-03-27T16:04:36.965986,36,4,10
Persons,2019-03-27T16:04:37.193237,34,9,12
Vehicles,2019-03-27T16:04:37.644096,37,5,10
Persons,2019-03-27T16:04:37.650400,35,9,12
Vehicles,2019-03-27T16:04:37.888021,38,5,11
Vehicles,2019-03-27T16:04:38.339174,39,4,11
Persons,2019-03-27T16:04:38.335928,36,10,12
Vehicles,2019-03-27T16:04:38.562276,40,4,11
Persons,2019-03-27T16:04:38.792114,37,10,13
Vehicles,2019-03-27T16:04:39.018790,41,6,11
Persons,2019-03-27T16:04:39.250090,38,10,13
Vehicles,2019-03-27T16:04:39.478076,42,5,12
Persons,2019-03-27T16:04:39.711330,39,9,13
Vehicles,2019-03-27T16:04:39.939718,43,5,12
Persons,2019-03-27T16:04:40.168604,40,9,13
Vehicles,2019-03-27T16:04:40.389764,44,4,12
Persons,2019-03-27T16:04:40.617893,41,8,13
Vehicles,2019-03-27T16:04:41.068049,45,4,12
Persons,2019-03-27T16:04:41.075414,42,10,13
Vehicles,2019-03-27T16:04:41.305022,46,4,12
Persons,2019-03-27T16:04:41.537320,43,8,13
Vehicles,2019-03-27T16:04:41.764334,47,4,12
Persons,2019-03-27T16:04:41.995311,44,9,13
Vehicles,2019-03-27T16:04:42.219953,48,4,12
Vehicles,2019-03-27T16:04:42.664435,49,4,12
Persons,2019-03-27T16:04:42.669140,45,8,13
Vehicles,2019-03-27T16:04:42.893312,50,4,12
Persons,2019-03-27T16:04:43.118850,46,8,13
Vehicles,2019-03-27T16:04:43.571961,51,3,12
Persons,2019-03-27T16:04:43.355887,47,7,13
Vehicles,2019-03-27T16:04:43.795606,52,5,12
Vehicles,2019-03-27T16:04:44.013714,53,5,14
Persons,2019-03-27T16:04:44.244875,48,8,13
Vehicles,2019-03-27T16:04:44.689529,54,5,14
Persons,2019-03-27T16:04:44.696747,49,9,14
Vehicles,2019-03-27T16:04:44.924037,55,5,14
Persons,2019-03-27T16:04:45.149563,50,9,15
Vehicles,2019-03-27T16:04:45.377647,56,5,14
Persons,2019-03-27T16:04:45.609526,51,8,15
Vehicles,2019-03-27T16:04:45.836928,57,5,14
Vehicles,2019-03-27T16:04:46.285589,58,5,14
Persons,2019-03-27T16:04:46.067320,52,9,15
Vehicles,2019-03-27T16:04:46.511959,59,6,14
Persons,2019-03-27T16:04:46.744197,53,7,15
Vehicles,2019-03-27T16:04:46.971888,60,6,15
Persons,2019-03-27T16:04:47.200568,54,8,15
Vehicles,2019-03-27T16:04:47.429601,61,6,15
Persons,2019-03-27T16:04:47.663966,55,8,15
Vehicles,2019-03-27T16:04:48.130706,62,6,15
Persons,2019-03-27T16:04:47.909703,56,8,16
Vehicles,2019-03-27T16:04:48.357815,63,6,15
Persons,2019-03-27T16:04:48.594947,57,8,16
Vehicles,2019-03-27T16:04:48.816532,64,6,15
Vehicles,2019-03-27T16:04:49.277742,65,6,15
Persons,2019-03-27T16:04:49.056401,58,8,16
Vehicles,2019-03-27T16:04:49.504002,66,6,15
Persons,2019-03-27T16:04:49.740304,59,8,16
Vehicles,2019-03-27T16:04:49.961370,67,7,15
Persons,2019-03-27T16:04:50.199293,60,8,16
Vehicles,2019-03-27T16:04:50.421881,68,7,16
Persons,2019-03-27T16:04:50.655046,61,8,16
Vehicles,2019-03-27T16:04:50.879509,69,6,16
Persons,2019-03-27T16:04:51.114187,62,8,16
Vehicles,2019-03-27T16:04:51.565264,70,6,16
Persons,2019-03-27T16:04:51.568752,63,9,16
Vehicles,2019-03-27T16:04:51.797216,71,7,16
Persons,2019-03-27T16:04:52.032717,64,9,16
Vehicles,2019-03-27T16:04:52.482975,72,5,16
Persons,2019-03-27T16:04:52.492513,65,9,16
Vehicles,2019-03-27T16:04:52.718437,73,5,16
Persons,2019-03-27T16:04:52.951721,66,8,16
Vehicles,2019-03-27T16:04:53.410087,74,4,16
Persons,2019-03-27T16:04:53.191097,67,9,16
Vehicles,2019-03-27T16:04:53.635280,75,7,16
Vehicles,2019-03-27T16:04:54.081000,76,5,16
Persons,2019-03-27T16:04:54.085969,68,9,16
Vehicles,2019-03-27T16:04:54.318228,77,5,16
Persons,2019-03-27T16:04:54.555834,69,9,16
Vehicles,2019-03-27T16:04:54.778953,78,5,16
Vehicles,2019-03-27T16:04:55.225881,79,5,16
Persons,2019-03-27T16:04:55.228599,70,9,16
Vehicles,2019-03-27T16:04:55.450224,80,5,16
Vehicles,2019-03-27T16:04:55.910735,81,5,16
Persons,2019-03-27T16:04:55.683414,71,11,16
Vehicles,2019-03-27T16:04:56.133600,82,5,16
Vehicles,2019-03-27T16:04:56.595330,83,5,16
Persons,2019-03-27T16:04:56.372027,72,11,17
Vehicles,2019-03-27T16:04:56.816816,84,5,16
Vehicles,2019-03-27T16:04:57.265651,85,5,16
Persons,2019-03-27T16:04:57.051803,73,10,18
Vehicles,2019-03-27T16:04:57.491333,86,5,16
Vehicles,2019-03-27T16:04:57.957068,87,5,16
Persons,2019-03-27T16:04:57.734034,74,11,18
Vehicles,2019-03-27T16:04:58.410688,88,5,16
Persons,2019-03-27T16:04:58.405141,75,9,18
Vehicles,2019-03-27T16:04:58.633957,89,5,16
Persons,2019-03-27T16:04:58.867349,76,8,18
Vehicles,2019-03-27T16:04:59.093157,90,6,16
Persons,2019-03-27T16:04:59.319561,77,8,18
Vehicles,2019-03-27T16:04:59.786122,91,6,17
Persons,2019-03-27T16:04:59.771404,78,11,18
Vehicles,2019-03-27T16:05:00.014374,92,5,17
Persons,2019-03-27T16:05:00.249160,79,11,18
Vehicles,2019-03-27T16:05:00.700291,93,5,17
Persons,2019-03-27T16:05:00.708211,80,11,18
Vehicles,2019-03-27T16:05:01.166017,94,4,17
Persons,2019-03-27T16:05:01.170378,81,11,18
Vehicles,2019-03-27T16:05:01.398213,95,6,17
Persons,2019-03-27T16:05:01.624066,82,9,18
Vehicles,2019-03-27T16:05:02.115248,96,6,18
Persons,2019-03-27T16:05:01.887741,83,10,18
Vehicles,2019-03-27T16:05:02.339447,97,5,18
Persons,2019-03-27T16:05:02.573444,84,10,18
Vehicles,2019-03-27T16:05:02.798627,98,5,18
Persons,2019-03-27T16:05:03.029924,85,10,18
Vehicles,2019-03-27T16:05:03.253341,99,5,18
Persons,2019-03-27T16:05:03.491736,86,10,18
Vehicles,2019-03-27T16:05:03.707646,100,6,18
Vehicles,2019-03-27T16:05:04.166938,101,6,19
Persons,2019-03-27T16:05:03.942885,87,10,18
Vehicles,2019-03-27T16:05:04.632546,102,6,19
Persons,2019-03-27T16:05:04.410050,88,9,18
Vehicles,2019-03-27T16:05:05.082000,103,6,19
Persons,2019-03-27T16:05:05.088386,89,8,18
Vehicles,2019-03-27T16:05:05.556500,104,6,19
Persons,2019-03-27T16:05:05.339318,90,8,18
Vehicles,2019-03-27T16:05:05.790239,105,6,19
Persons,2019-03-27T16:05:06.016374,91,8,18
Persons,2019-03-27T16:05:06.273158,92,7,18
Vehicles,2019-03-27T16:05:06.495266,106,7,19
Persons,2019-03-27T16:05:06.735241,93,6,18
Vehicles,2019-03-27T16:05:06.957196,107,7,20
Persons,2019-03-27T16:05:07.193386,94,6,18
Vehicles,2019-03-27T16:05:07.426793,108,7,20
Persons,2019-03-27T16:05:07.661272,95,7,18
Vehicles,2019-03-27T16:05:07.885406,109,7,20
Persons,2019-03-27T16:05:08.122156,96,6,18
Vehicles,2019-03-27T16:05:08.352369,110,6,20
Persons,2019-03-27T16:05:08.585569,97,5,18
Vehicles,2019-03-27T16:05:08.807761,111,6,20
Persons,2019-03-27T16:05:09.051940,98,5,18
Vehicles,2019-03-27T16:05:09.503161,112,6,20
Persons,2019-03-27T16:05:09.508421,99,5,18
Vehicles,2019-03-27T16:05:09.981730,113,6,20
Persons,2019-03-27T16:05:09.761559,100,5,18
Vehicles,2019-03-27T16:05:10.207943,114,6,20
Persons,2019-03-27T16:05:10.435781,101,5,18
Vehicles,2019-03-27T16:05:10.654464,115,5,20
Vehicles,2019-03-27T16:05:11.099843,116,5,20
Persons,2019-03-27T16:05:10.885781,102,6,18
Vehicles,2019-03-27T16:05:11.329787,117,6,20
Vehicles,2019-03-27T16:05:11.775126,118,6,20
Persons,2019-03-27T16:05:11.561543,103,6,18
Vehicles,2019-03-27T16:05:12.234410,119,6,20
Vehicles,2019-03-27T16:05:12.462226,120,6,20
Persons,2019-03-27T16:05:12.014395,104,6,18
Vehicles,2019-03-27T16:05:12.682595,121,5,20
Persons,2019-03-27T16:05:12.914454,105,5,18
Vehicles,2019-03-27T16:05:13.142145,122,5,20
Persons,2019-03-27T16:05:13.379266,106,5,18
Vehicles,2019-03-27T16:05:13.823109,123,5,20
Persons,2019-03-27T16:05:13.820230,107,6,18
Vehicles,2019-03-27T16:05:14.053147,124,5,20
Persons,2019-03-27T16:05:14.291987,108,7,18
Vehicles,2019-03-27T16:05:14.516016,125,6,20
Vehicles,2019-03-27T16:05:14.971127,126,6,21
Persons,2019-03-27T16:05:14.756058,109,7,18
Vehicles,2019-03-27T16:05:15.198736,127,6,21
Persons,2019-03-27T16:05:15.435537,110,7,18
Vehicles,2019-03-27T16:05:15.660517,128,6,21
Persons,2019-03-27T16:05:15.888605,111,6,18
Vehicles,2019-03-27T16:05:16.333953,129,6,21
Persons,2019-03-27T16:05:16.344165,112,7,18
Vehicles,2019-03-27T16:05:16.572047,130,6,21
Persons,2019-03-27T16:05:16.805610,113,7,18
Vehicles,2019-03-27T16:05:17.029831,131,6,21
Persons,2019-03-27T16:05:17.256808,114,7,18
Vehicles,2019-03-27T16:05:17.487154,132,6,21
Vehicles,2019-03-27T16:05:17.939527,133,6,21
Persons,2019-03-27T16:05:17.723905,115,6,18
