a3600_deviceid,a3600_iom_serial_uc,a3600_productline,a3600_serialnumber_uc,flag_date,a3600_nodetype,errorcode,a3600_nodeid,a3600_layoutinstance,tubestoday,max_compl_date,error_count,error_percentage
124679,ACP002,852,ACP002DEC01,2019-10-23 00:00:00,DCM,1006,06,1,5,2019-10-23 12:10:08,2,40
124679,ACP002,852,ACP002DEC01,2019-10-23 00:00:00,DCM,1006,06,1,1396,2019-10-23 12:10:08,2,0.14326647564469913
124679,ACP002,852,ACP002DEC01,2019-10-24 00:00:00,DCM,1006,06,1,1310,2019-10-24 04:41:00,2,0.15267175572519084
124679,ACP002,852,ACP002DEC01,2019-10-24 00:00:00,DCM,1006,06,1,8,2019-10-24 04:41:00,2,25
134283,ACP015,852,ACP015DEC02,2019-10-23 00:00:00,DCM,1006,12,2,6,2019-10-23 11:26:20,2,33.333333333333336
134283,ACP015,852,ACP015DEC02,2019-10-23 00:00:00,DCM,1006,12,2,1766,2019-10-23 11:26:20,2,0.11325028312570781
134283,ACP015,852,ACP015DEC02,2019-10-24 00:00:00,DCM,1006,12,2,1796,2019-10-24 17:29:37,2,0.111358574610245
134283,ACP015,852,ACP015DEC02,2019-10-24 00:00:00,DCM,1006,12,2,7,2019-10-24 17:29:37,2,28.571428571428573
131993,ACP027,852,ACP027DEC01,2019-10-24 00:00:00,DCM,1006,6,1,2810,2019-10-24 18:33:29,11,0.3914590747330961
131993,ACP027,852,ACP027DEC01,2019-10-24 00:00:00,DCM,1006,6,1,16,2019-10-24 18:33:29,11,68.75
135077,ACP032,852,ACP032DEC01,2019-10-23 00:00:00,DCM,1006,02,1,783,2019-10-23 21:09:05,16,2.0434227330779056
135077,ACP032,852,ACP032DEC01,2019-10-24 00:00:00,DCM,1006,02,1,786,2019-10-24 16:37:36,18,2.2900763358778624
132622,ACP036,852,ACP036DEC01,2019-10-23 00:00:00,DCM,1006,4,1,734,2019-10-23 07:34:45,2,0.2724795640326976
132622,ACP036,852,ACP036DEC01,2019-10-24 00:00:00,DCM,1006,4,1,324,2019-10-24 07:29:45,2,0.6172839506172839
141336,ACP045,852,ACP045DEC01,2019-10-23 00:00:00,DCM,1006,05,1,3259,2019-10-23 20:36:34,2,0.0613685179502915
141336,ACP045,852,ACP045DEC01,2019-10-23 00:00:00,DCM,1006,05,1,3257,2019-10-23 20:36:34,2,0.06140620202640467
141336,ACP045,852,ACP045DEC01,2019-10-24 00:00:00,DCM,1006,05,1,3150,2019-10-24 19:29:43,12,0.38095238095238093
146274,ACP049,852,ACP049DEC01,2019-10-23 00:00:00,DCM,1006,03,1,777,2019-10-23 16:19:53,2,0.2574002574002574
146274,ACP049,852,ACP049DEC01,2019-10-24 00:00:00,DCM,1006,03,1,761,2019-10-24 10:13:28,6,0.7884362680683311
151412,ACP060,,,2019-10-23 00:00:00,DCM,1006,4,1,675,2019-10-23 10:25:24,4,0.5925925925925926
151412,ACP060,,,2019-10-23 00:00:00,DCM,1006,4,1,672,2019-10-23 10:25:24,4,0.5952380952380952
151035,ACP061,852,ACP061DEC01,2019-10-24 00:00:00,DCM,1006,05,1,2336,2019-10-24 19:25:23,2,0.08561643835616438
151035,ACP061,852,ACP061DEC01,2019-10-24 00:00:00,DCM,1006,05,1,12,2019-10-24 19:25:23,2,16.666666666666668
164364,ACP064,852,ACP064DEC01,2019-10-23 00:00:00,DCM,1006,4,1,1117,2019-10-23 09:19:53,96,8.594449418084155
164364,ACP064,852,ACP064DEC01,2019-10-24 00:00:00,DCM,1006,4,1,1155,2019-10-24 17:21:29,24,2.0779220779220777
164364,ACP064,852,ACP064DEC01,2019-10-24 00:00:00,DCM,1006,4,1,12,2019-10-24 17:21:29,24,200
159233,ACP069,852,ACP069DEC01,2019-10-23 00:00:00,DCM,1006,04,1,119,2019-10-23 20:54:54,6,5.042016806722689
159233,ACP069,852,ACP069DEC01,2019-10-23 00:00:00,DCM,1006,04,1,1378,2019-10-23 20:54:54,6,0.43541364296081275
159233,ACP069,852,ACP069DEC01,2019-10-24 00:00:00,DCM,1006,04,1,1388,2019-10-24 18:46:05,2,0.1440922190201729
159233,ACP069,852,ACP069DEC01,2019-10-24 00:00:00,DCM,1006,04,1,103,2019-10-24 18:46:05,2,1.941747572815534
164954,ACP071,852,ACP071DEC01,2019-10-24 00:00:00,DCM,1006,5,1,950,2019-10-24 10:09:52,4,0.42105263157894735
166452,ACP080,852,ACP080DEC01,2019-10-23 00:00:00,DCM,1006,03,1,738,2019-10-23 11:51:44,28,3.794037940379404
166452,ACP080,852,ACP080DEC01,2019-10-24 00:00:00,DCM,1006,03,1,658,2019-10-24 10:54:18,14,2.127659574468085
180236,ACP083,852,ACP083DEC01,2019-10-24 00:00:00,DCM,1006,2,1,5849,2019-10-24 23:40:33,48,0.8206531030945461
180236,ACP083,852,ACP083DEC01,2019-10-24 00:00:00,DCM,1006,2,1,1130,2019-10-24 23:40:33,48,4.247787610619469
180236,ACP083,852,ACP083DEC03,2019-10-24 00:00:00,DCM,1006,4,3,889,2019-10-24 18:05:52,2,0.2249718785151856
180236,ACP083,852,ACP083DEC03,2019-10-24 00:00:00,DCM,1006,4,3,4208,2019-10-24 18:05:52,2,0.04752851711026616
166465,ACP092,852,ACP092DEC01,2019-10-24 00:00:00,DCM,1006,06,1,1235,2019-10-24 12:06:30,2,0.16194331983805668
166465,ACP092,852,ACP092DEC01,2019-10-24 00:00:00,DCM,1006,06,1,38,2019-10-24 12:06:30,2,5.2631578947368425
168140,ACP096,852,ACP096DEC01,2019-10-24 00:00:00,DCM,1006,30,1,797,2019-10-24 10:13:34,2,0.25094102885821834
168140,ACP096,852,ACP096DEC02,2019-10-24 00:00:00,DCM,1006,31,2,104,2019-10-24 08:25:08,2,1.9230769230769231
170635,ACP101,852,ACP101DEC01,2019-10-23 00:00:00,DCM,1006,2,1,2074,2019-10-23 17:30:00,2,0.09643201542912247
170635,ACP101,852,ACP101DEC01,2019-10-24 00:00:00,DCM,1006,2,1,2034,2019-10-24 19:24:35,18,0.8849557522123894
183236,ACP115,852,ACP115DEC01,2019-10-24 00:00:00,DCM,1006,03,1,1184,2019-10-24 19:22:11,2,0.16891891891891891
196241,ACP119,852,ACP119DEC01,2019-10-24 00:00:00,DCM,1006,04,1,1470,2019-10-24 17:05:38,4,0.272108843537415
196241,ACP119,852,ACP119DEC01,2019-10-24 00:00:00,DCM,1006,04,1,54,2019-10-24 17:05:38,4,7.407407407407407
183483,ACP128,852,ACP128DEC01,2019-10-24 00:00:00,DCM,1006,07,1,1665,2019-10-24 14:44:03,2,0.12012012012012012
183483,ACP128,852,ACP128DEC01,2019-10-24 00:00:00,DCM,1006,07,1,86,2019-10-24 14:44:03,2,2.3255813953488373
183483,ACP128,852,ACP128DEC02,2019-10-23 00:00:00,DCM,1006,08,2,165,2019-10-23 16:12:33,2,1.2121212121212122
183483,ACP128,852,ACP128DEC02,2019-10-23 00:00:00,DCM,1006,08,2,2712,2019-10-23 16:12:33,2,0.07374631268436578
183483,ACP128,852,ACP128DEC02,2019-10-24 00:00:00,DCM,1006,08,2,126,2019-10-24 06:27:00,2,1.5873015873015872
183483,ACP128,852,ACP128DEC02,2019-10-24 00:00:00,DCM,1006,08,2,2686,2019-10-24 06:27:00,2,0.07446016381236038
181428,ACP140,852,ACP140DEC01,2019-10-24 00:00:00,DCM,1006,04,1,1037,2019-10-24 11:01:49,4,0.3857280617164899
181428,ACP140,852,ACP140DEC01,2019-10-24 00:00:00,DCM,1006,04,1,1034,2019-10-24 11:01:49,4,0.38684719535783363
194524,ACP147,852,ACP147DEC01,2019-10-24 00:00:00,DCM,1006,03,1,152,2019-10-24 10:05:00,6,3.9473684210526314
195857,ACP150,852,ACP150DEC01,2019-10-23 00:00:00,DCM,1006,04,1,424,2019-10-23 00:27:30,2,0.4716981132075472
195857,ACP150,852,ACP150DEC01,2019-10-23 00:00:00,DCM,1006,04,1,1061,2019-10-23 00:27:30,2,0.1885014137606032
195857,ACP150,852,ACP150DEC01,2019-10-24 00:00:00,DCM,1006,04,1,1136,2019-10-24 23:44:47,4,0.352112676056338
195857,ACP150,852,ACP150DEC01,2019-10-24 00:00:00,DCM,1006,04,1,446,2019-10-24 23:44:47,4,0.8968609865470852
195857,ACP150,852,ACP150DEC03,2019-10-23 00:00:00,DCM,1006,06,3,424,2019-10-23 23:25:55,16,3.7735849056603774
195857,ACP150,852,ACP150DEC03,2019-10-23 00:00:00,DCM,1006,06,3,1060,2019-10-23 23:25:55,16,1.509433962264151
195857,ACP150,852,ACP150DEC03,2019-10-24 00:00:00,DCM,1006,06,3,451,2019-10-24 23:59:23,8,1.7738359201773837
195857,ACP150,852,ACP150DEC03,2019-10-24 00:00:00,DCM,1006,06,3,1141,2019-10-24 23:59:23,8,0.7011393514461
187640,ACP155,852,ACP155DEC01,2019-10-24 00:00:00,DCM,1006,03,1,471,2019-10-24 09:11:16,2,0.42462845010615713
208035,ACP156,852,ACP156DEC01,2019-10-24 00:00:00,DCM,1006,03,1,544,2019-10-24 14:24:22,6,1.1029411764705883
195832,ACP157,852,ACP157DEC01,2019-10-24 00:00:00,DCM,1006,06,1,2524,2019-10-24 02:45:51,8,0.31695721077654515
208909,ACP159,852,ACP159DEC01,2019-10-24 00:00:00,DCM,1006,03,1,392,2019-10-24 10:53:48,10,2.5510204081632653
190560,ACP166,852,ACP166DEC01,2019-10-24 00:00:00,DCM,1006,02,1,1399,2019-10-24 17:32:58,2,0.14295925661186562
207177,ACP172,852,ACP172DEC01,2019-10-24 00:00:00,DCM,1006,5,1,2,2019-10-24 12:02:14,6,300
207177,ACP172,852,ACP172DEC01,2019-10-24 00:00:00,DCM,1006,5,1,448,2019-10-24 12:02:14,6,1.3392857142857142
207177,ACP172,852,ACP172DEC02,2019-10-23 00:00:00,DCM,1006,6,2,399,2019-10-23 12:38:01,12,3.007518796992481
207177,ACP172,852,ACP172DEC02,2019-10-23 00:00:00,DCM,1006,6,2,2,2019-10-23 12:38:01,12,600
207177,ACP172,852,ACP172DEC02,2019-10-24 00:00:00,DCM,1006,6,2,2,2019-10-24 13:22:07,18,900
207177,ACP172,852,ACP172DEC02,2019-10-24 00:00:00,DCM,1006,6,2,447,2019-10-24 13:22:07,18,4.026845637583893
196237,ACP177,852,ACP177DEC02,2019-10-24 00:00:00,DCM,1006,09,2,1128,2019-10-24 10:16:56,2,0.1773049645390071
196237,ACP177,852,ACP177DEC02,2019-10-24 00:00:00,DCM,1006,09,2,4,2019-10-24 10:16:56,2,50
187724,ACP181,852,ACP181DEC01,2019-10-23 00:00:00,DCM,1006,4,1,714,2019-10-23 15:02:30,36,5.042016806722689
187724,ACP181,852,ACP181DEC01,2019-10-24 00:00:00,DCM,1006,4,1,350,2019-10-24 16:16:09,31,8.857142857142858
194532,ACP183,852,ACP183DEC01,2019-10-23 00:00:00,DCM,1006,04,1,556,2019-10-23 11:58:42,24,4.316546762589928
194532,ACP183,852,ACP183DEC01,2019-10-24 00:00:00,DCM,1006,04,1,502,2019-10-24 12:04:17,22,4.382470119521912
203469,ACP188,852,ACP188DEC01,2019-10-24 00:00:00,DCM,1006,16,1,305,2019-10-24 17:47:26,2,0.6557377049180327
203469,ACP188,852,ACP188DEC01,2019-10-24 00:00:00,DCM,1006,16,1,2,2019-10-24 17:47:26,2,100
208439,ACP193,852,ACP193DEC01,2019-10-24 00:00:00,DCM,1006,03,1,650,2019-10-24 11:58:46,4,0.6153846153846154
194557,ACP195,852,ACP195DEC01,2019-10-23 00:00:00,DCM,1006,03,1,770,2019-10-23 19:23:43,4,0.5194805194805194
194557,ACP195,852,ACP195DEC01,2019-10-24 00:00:00,DCM,1006,03,1,906,2019-10-24 00:00:02,1,0.11037527593818984
194283,ACP196,852,ACP196DEC03,2019-10-23 00:00:00,DCM,1006,28,3,9,2019-10-23 21:39:11,2,22.22222222222222
194283,ACP196,852,ACP196DEC03,2019-10-23 00:00:00,DCM,1006,28,3,2218,2019-10-23 21:39:11,2,0.09017132551848513
194283,ACP196,852,ACP196DEC03,2019-10-24 00:00:00,DCM,1006,28,3,89,2019-10-24 07:18:41,2,2.247191011235955
194283,ACP196,852,ACP196DEC03,2019-10-24 00:00:00,DCM,1006,28,3,1968,2019-10-24 07:18:41,2,0.1016260162601626
194283,ACP196,852,ACP196DEC04,2019-10-23 00:00:00,DCM,1006,29,4,9,2019-10-23 11:33:12,4,44.44444444444444
194283,ACP196,852,ACP196DEC04,2019-10-23 00:00:00,DCM,1006,29,4,2218,2019-10-23 11:33:12,4,0.18034265103697025
194283,ACP196,852,ACP196DEC04,2019-10-24 00:00:00,DCM,1006,29,4,88,2019-10-24 23:16:11,2,2.272727272727273
194283,ACP196,852,ACP196DEC04,2019-10-24 00:00:00,DCM,1006,29,4,1968,2019-10-24 23:16:11,2,0.1016260162601626
194283,ACP196,852,ACP196DEC06,2019-10-23 00:00:00,DCM,1006,32,6,9,2019-10-23 23:33:20,16,177.77777777777777
194283,ACP196,852,ACP196DEC06,2019-10-23 00:00:00,DCM,1006,32,6,2217,2019-10-23 23:33:20,16,0.7216959855660803
194283,ACP196,852,ACP196DEC06,2019-10-24 00:00:00,DCM,1006,32,6,1969,2019-10-24 22:42:08,14,0.7110208227526663
194283,ACP196,852,ACP196DEC06,2019-10-24 00:00:00,DCM,1006,32,6,89,2019-10-24 22:42:08,14,15.730337078651685
194283,ACP196,852,ACP196DEC07,2019-10-24 00:00:00,DCM,1006,33,7,89,2019-10-24 13:19:11,2,2.247191011235955
194283,ACP196,852,ACP196DEC07,2019-10-24 00:00:00,DCM,1006,33,7,1980,2019-10-24 13:19:11,2,0.10101010101010101
207042,ACP197,852,ACP197DEC01,2019-10-24 00:00:00,DCM,1006,03,1,1413,2019-10-24 10:17:52,2,0.14154281670205238
214106,ACP198,852,ACP198DEC01,2019-10-23 00:00:00,DCM,1006,03,1,192,2019-10-23 11:17:41,76,39.583333333333336
214106,ACP198,852,ACP198DEC01,2019-10-24 00:00:00,DCM,1006,03,1,193,2019-10-24 09:15:54,2,1.0362694300518134
193175,ACP200,852,ACP200DEC01,2019-10-23 00:00:00,DCM,1006,04,1,12,2019-10-23 17:49:16,18,150
193175,ACP200,852,ACP200DEC01,2019-10-23 00:00:00,DCM,1006,04,1,3912,2019-10-23 17:49:16,18,0.4601226993865031
193175,ACP200,852,ACP200DEC01,2019-10-24 00:00:00,DCM,1006,04,1,3406,2019-10-24 19:51:02,32,0.9395184967704052
194377,ACP201,852,ACP201DEC01,2019-10-23 00:00:00,DCM,1006,03,1,92,2019-10-23 10:12:52,114,123.91304347826087
194377,ACP201,852,ACP201DEC01,2019-10-24 00:00:00,DCM,1006,03,1,384,2019-10-24 14:12:03,279,72.65625
210840,ACP203,852,ACP203DEC01,2019-10-23 00:00:00,DCM,1006,03,1,613,2019-10-23 16:09:50,2,0.3262642740619902
210840,ACP203,852,ACP203DEC01,2019-10-24 00:00:00,DCM,1006,03,1,691,2019-10-24 19:06:11,16,2.3154848046309695
194862,ACP206,852,ACP206DEC01,2019-10-23 00:00:00,DCM,1006,03,1,138,2019-10-23 08:38:01,2,1.4492753623188406
194862,ACP206,852,ACP206DEC01,2019-10-24 00:00:00,DCM,1006,03,1,136,2019-10-24 13:07:38,6,4.411764705882353
206823,ACP210,852,ACP210DEC01,2019-10-23 00:00:00,DCM,1006,02,1,977,2019-10-23 11:21:28,50,5.117707267144319
206823,ACP210,852,ACP210DEC01,2019-10-24 00:00:00,DCM,1006,02,1,1043,2019-10-24 14:10:48,44,4.218600191754554
206433,ACP212,852,ACP212DEC01,2019-10-24 00:00:00,DCM,1006,03,1,316,2019-10-24 09:53:40,22,6.962025316455696
195811,ACP224,852,ACP224DEC01,2019-10-24 00:00:00,DCM,1006,03,1,613,2019-10-24 09:07:46,2,0.3262642740619902
203700,ACP229,852,ACP229DEC01,2019-10-23 00:00:00,DCM,1006,05,1,838,2019-10-23 15:18:50,56,6.682577565632458
203700,ACP229,852,ACP229DEC01,2019-10-23 00:00:00,DCM,1006,05,1,17,2019-10-23 15:18:50,56,329.4117647058824
203700,ACP229,852,ACP229DEC01,2019-10-24 00:00:00,DCM,1006,05,1,808,2019-10-24 08:48:48,4,0.49504950495049505
203700,ACP229,852,ACP229DEC01,2019-10-24 00:00:00,DCM,1006,05,1,23,2019-10-24 08:48:48,4,17.391304347826086
210231,ACP230,852,ACP230DEC01,2019-10-23 00:00:00,DCM,1006,03,1,1632,2019-10-23 11:01:19,4,0.24509803921568626
210231,ACP230,852,ACP230DEC01,2019-10-24 00:00:00,DCM,1006,03,1,1830,2019-10-24 12:20:48,2,0.1092896174863388
208349,ACP232,852,ACP232DEC02,2019-10-24 00:00:00,DCM,1006,07,2,21,2019-10-24 23:44:05,2,9.523809523809524
208349,ACP232,852,ACP232DEC02,2019-10-24 00:00:00,DCM,1006,07,2,1625,2019-10-24 23:44:05,2,0.12307692307692308
206261,ACP236,852,ACP236DEC01,2019-10-23 00:00:00,DCM,1006,04,1,17,2019-10-23 20:05:47,2,11.764705882352942
206261,ACP236,852,ACP236DEC01,2019-10-23 00:00:00,DCM,1006,04,1,1048,2019-10-23 20:05:47,2,0.19083969465648856
206261,ACP236,852,ACP236DEC01,2019-10-24 00:00:00,DCM,1006,04,1,3,2019-10-24 13:45:16,2,66.66666666666667
206261,ACP236,852,ACP236DEC01,2019-10-24 00:00:00,DCM,1006,04,1,860,2019-10-24 13:45:16,2,0.23255813953488372
202161,ACP244,,,2019-10-24 00:00:00,DCM,1006,05,1,43,2019-10-24 03:02:40,4,9.30232558139535
202161,ACP244,,,2019-10-24 00:00:00,DCM,1006,05,1,1320,2019-10-24 03:02:40,4,0.30303030303030304
202161,ACP244,,,2019-10-24 00:00:00,DCM,1006,05,1,2066,2019-10-24 03:02:40,4,0.1936108422071636
202161,ACP244,,,2019-10-24 00:00:00,DCM,1006,05,1,3,2019-10-24 03:02:40,4,133.33333333333334
204990,ACP253,852,ACP253DEC01,2019-10-23 00:00:00,DCM,1006,05,1,509,2019-10-23 08:26:46,2,0.3929273084479371
204990,ACP253,852,ACP253DEC01,2019-10-24 00:00:00,DCM,1006,05,1,471,2019-10-24 10:26:12,2,0.42462845010615713
204990,ACP253,852,ACP253DEC01,2019-10-24 00:00:00,DCM,1006,05,1,6,2019-10-24 10:26:12,2,33.333333333333336
205165,ACP255,852,ACP255DEC01,2019-10-24 00:00:00,DCM,1006,04,1,88,2019-10-24 05:09:12,1,1.1363636363636365
205165,ACP255,852,ACP255DEC01,2019-10-24 00:00:00,DCM,1006,04,1,1657,2019-10-24 05:09:12,1,0.060350030175015085
205165,ACP255,852,ACP255DEC02,2019-10-23 00:00:00,DCM,1006,05,2,108,2019-10-23 04:18:24,4,3.7037037037037037
205165,ACP255,852,ACP255DEC02,2019-10-23 00:00:00,DCM,1006,05,2,1811,2019-10-23 04:18:24,4,0.22087244616234125
205165,ACP255,852,ACP255DEC02,2019-10-24 00:00:00,DCM,1006,05,2,1658,2019-10-24 19:06:51,4,0.24125452352231605
205165,ACP255,852,ACP255DEC02,2019-10-24 00:00:00,DCM,1006,05,2,88,2019-10-24 19:06:51,4,4.545454545454546
207413,ACP257,852,ACP257DEC02,2019-10-23 00:00:00,DCM,1006,09,2,510,2019-10-23 13:11:55,6,1.1764705882352942
207413,ACP257,852,ACP257DEC02,2019-10-24 00:00:00,DCM,1006,09,2,434,2019-10-24 22:14:52,11,2.5345622119815667
207413,ACP257,852,ACP257DEC02,2019-10-24 00:00:00,DCM,1006,09,2,1,2019-10-24 22:14:52,11,1100
212448,ACP258,852,ACP258DEC01,2019-10-23 00:00:00,DCM,1006,04,1,1208,2019-10-23 12:26:08,12,0.9933774834437086
212448,ACP258,852,ACP258DEC01,2019-10-24 00:00:00,DCM,1006,04,1,1277,2019-10-24 10:02:32,2,0.15661707126076743
206703,ACP260,852,ACP260DEC01,2019-10-24 00:00:00,DCM,1006,02,1,870,2019-10-24 10:19:18,4,0.45977011494252873
214826,ACP265,852,ACP265DEC01,2019-10-24 00:00:00,DCM,1006,07,1,1087,2019-10-24 08:25:26,2,0.18399264029438822
214826,ACP265,852,ACP265DEC02,2019-10-24 00:00:00,DCM,1006,08,2,1167,2019-10-24 12:12:23,2,0.1713796058269066
207134,ACP267,852,ACP267DEC02,2019-10-23 00:00:00,DCM,1006,04,2,3291,2019-10-23 21:06:08,18,0.5469462169553327
207134,ACP267,852,ACP267DEC02,2019-10-23 00:00:00,DCM,1006,04,2,441,2019-10-23 21:06:08,18,4.081632653061225
207134,ACP267,852,ACP267DEC02,2019-10-24 00:00:00,DCM,1006,04,2,2889,2019-10-24 06:25:46,8,0.27691242644513675
207134,ACP267,852,ACP267DEC02,2019-10-24 00:00:00,DCM,1006,04,2,470,2019-10-24 06:25:46,8,1.702127659574468
210444,ACP269,852,ACP269DEC01,2019-10-23 00:00:00,DCM,1006,04,1,833,2019-10-23 12:46:50,4,0.4801920768307323
210444,ACP269,852,ACP269DEC01,2019-10-24 00:00:00,DCM,1006,04,1,838,2019-10-24 09:39:30,4,0.477326968973747
208293,ACP273,852,ACP273DEC01,2019-10-24 00:00:00,DCM,1006,3,1,78,2019-10-24 17:25:11,2,2.5641025641025643
206820,ACP276,852,ACP276DEC01,2019-10-23 00:00:00,DCM,1006,02,1,10,2019-10-23 17:31:25,10,100
206820,ACP276,852,ACP276DEC01,2019-10-23 00:00:00,DCM,1006,02,1,686,2019-10-23 17:31:25,10,1.4577259475218658
206820,ACP276,852,ACP276DEC01,2019-10-24 00:00:00,DCM,1006,02,1,2,2019-10-24 17:01:05,4,200
206820,ACP276,852,ACP276DEC01,2019-10-24 00:00:00,DCM,1006,02,1,638,2019-10-24 17:01:05,4,0.6269592476489029
209194,ACP280,852,ACP280DEC01,2019-10-23 00:00:00,DCM,1006,6,1,2,2019-10-23 18:28:46,2,100
209194,ACP280,852,ACP280DEC01,2019-10-23 00:00:00,DCM,1006,6,1,866,2019-10-23 18:28:46,2,0.23094688221709006
209194,ACP280,852,ACP280DEC01,2019-10-24 00:00:00,DCM,1006,6,1,899,2019-10-24 19:15:05,8,0.8898776418242491
209194,ACP280,852,ACP280DEC01,2019-10-24 00:00:00,DCM,1006,6,1,4,2019-10-24 19:15:05,8,200
209194,ACP280,852,ACP280DEC02,2019-10-23 00:00:00,DCM,1006,7,2,1,2019-10-23 22:30:44,78,7800
209194,ACP280,852,ACP280DEC02,2019-10-23 00:00:00,DCM,1006,7,2,866,2019-10-23 22:30:44,78,9.006928406466512
209194,ACP280,852,ACP280DEC02,2019-10-24 00:00:00,DCM,1006,7,2,899,2019-10-24 20:58:32,42,4.671857619577308
209194,ACP280,852,ACP280DEC02,2019-10-24 00:00:00,DCM,1006,7,2,3,2019-10-24 20:58:32,42,1400
213720,ACP294,852,ACP294DEC02,2019-10-24 00:00:00,DCM,1006,10,2,819,2019-10-24 23:33:24,4,0.4884004884004884
213720,ACP294,852,ACP294DEC02,2019-10-24 00:00:00,DCM,1006,10,2,24,2019-10-24 23:33:24,4,16.666666666666668
217453,ACP296,852,ACP296DEC01,2019-10-23 00:00:00,DCM,1006,13,1,1883,2019-10-23 09:03:49,102,5.416887944768986
217453,ACP296,852,ACP296DEC01,2019-10-23 00:00:00,DCM,1006,13,1,11,2019-10-23 09:03:49,102,927.2727272727273
217453,ACP296,852,ACP296DEC01,2019-10-24 00:00:00,DCM,1006,13,1,1620,2019-10-24 03:45:47,2,0.12345679012345678
217453,ACP296,852,ACP296DEC02,2019-10-23 00:00:00,DCM,1006,14,2,11,2019-10-23 06:49:23,64,581.8181818181819
217453,ACP296,852,ACP296DEC02,2019-10-23 00:00:00,DCM,1006,14,2,2319,2019-10-23 06:49:23,64,2.759810263044416
217453,ACP296,852,ACP296DEC02,2019-10-24 00:00:00,DCM,1006,14,2,1621,2019-10-24 03:57:46,3,0.1850709438618137
217453,ACP296,852,ACP296DEC02,2019-10-24 00:00:00,DCM,1006,14,2,3,2019-10-24 03:57:46,3,100
210875,ACP297,852,ACP297DEC01,2019-10-24 00:00:00,DCM,1006,4,1,349,2019-10-24 03:42:00,2,0.5730659025787965
210875,ACP297,852,ACP297DEC01,2019-10-24 00:00:00,DCM,1006,4,1,14,2019-10-24 03:42:00,2,14.285714285714286
210510,ACP299,852,ACP299DEC01,2019-10-23 00:00:00,DCM,1006,07,1,1244,2019-10-23 19:04:03,5,0.40192926045016075
210510,ACP299,852,ACP299DEC01,2019-10-23 00:00:00,DCM,1006,07,1,69,2019-10-23 19:04:03,5,7.246376811594203
210510,ACP299,852,ACP299DEC01,2019-10-24 00:00:00,DCM,1006,07,1,56,2019-10-24 15:27:05,10,17.857142857142858
210510,ACP299,852,ACP299DEC01,2019-10-24 00:00:00,DCM,1006,07,1,1472,2019-10-24 15:27:05,10,0.6793478260869565
210510,ACP299,852,ACP299DEC02,2019-10-23 00:00:00,DCM,1006,08,2,68,2019-10-23 18:59:39,4,5.882352941176471
210510,ACP299,852,ACP299DEC02,2019-10-23 00:00:00,DCM,1006,08,2,1243,2019-10-23 18:59:39,4,0.32180209171359614
210510,ACP299,852,ACP299DEC02,2019-10-24 00:00:00,DCM,1006,08,2,1472,2019-10-24 15:27:34,6,0.4076086956521739
210510,ACP299,852,ACP299DEC02,2019-10-24 00:00:00,DCM,1006,08,2,56,2019-10-24 15:27:34,6,10.714285714285714
216466,ACP307,852,ACP307DEC01,2019-10-24 00:00:00,DCM,1006,03,1,63,2019-10-24 02:45:29,2,3.1746031746031744
211499,ACP321,852,ACP321DEC02,2019-10-24 00:00:00,DCM,1006,07,2,2263,2019-10-24 00:53:00,4,0.17675651789659744
211499,ACP321,852,ACP321DEC02,2019-10-24 00:00:00,DCM,1006,07,2,99,2019-10-24 00:53:00,4,4.040404040404041
216066,ACP324,852,ACP324DEC01,2019-10-24 00:00:00,DCM,1006,05,1,1182,2019-10-24 08:27:21,2,0.1692047377326565
214449,ACP325,852,ACP325DEC01,2019-10-23 00:00:00,DCM,1006,05,1,876,2019-10-23 17:30:55,2,0.228310502283105
214449,ACP325,852,ACP325DEC01,2019-10-23 00:00:00,DCM,1006,05,1,14,2019-10-23 17:30:55,2,14.285714285714286
214449,ACP325,852,ACP325DEC01,2019-10-24 00:00:00,DCM,1006,05,1,7,2019-10-24 16:31:26,12,171.42857142857142
214449,ACP325,852,ACP325DEC01,2019-10-24 00:00:00,DCM,1006,05,1,753,2019-10-24 16:31:26,12,1.593625498007968
215237,ACP327,852,ACP327DEC01,2019-10-23 00:00:00,DCM,1006,06,1,327,2019-10-23 12:09:33,18,5.504587155963303
215237,ACP327,852,ACP327DEC01,2019-10-24 00:00:00,DCM,1006,06,1,73,2019-10-24 13:42:52,4,5.47945205479452
215237,ACP327,852,ACP327DEC02,2019-10-24 00:00:00,DCM,1006,07,2,12,2019-10-24 13:22:30,5,41.666666666666664
217708,ACP335,852,ACP335DEC01,2019-10-24 00:00:00,DCM,1006,02,1,171,2019-10-24 04:13:12,2,1.1695906432748537
213177,ACP338,852,ACP338DEC01,2019-10-24 00:00:00,DCM,1006,04,1,208,2019-10-24 02:19:36,2,0.9615384615384616
213158,ACP340,852,ACP340DEC01,2019-10-24 00:00:00,DCM,1006,4,1,461,2019-10-24 12:13:58,2,0.43383947939262474
213158,ACP340,852,ACP340DEC02,2019-10-24 00:00:00,DCM,1006,5,2,126,2019-10-24 11:43:21,54,42.857142857142854
216366,ACP344,852,ACP344DEC01,2019-10-24 00:00:00,DCM,1006,05,1,3,2019-10-24 22:29:13,2,66.66666666666667
216366,ACP344,852,ACP344DEC01,2019-10-24 00:00:00,DCM,1006,05,1,1421,2019-10-24 22:29:13,2,0.14074595355383532
215017,ACP345,852,ACP345DAC01,2019-10-23 00:00:00,DCM,1006,04,1,1016,2019-10-23 04:55:04,20,1.968503937007874
215017,ACP345,852,ACP345DAC01,2019-10-23 00:00:00,DCM,1006,04,1,12,2019-10-23 04:55:04,20,166.66666666666666
215017,ACP345,852,ACP345DAC01,2019-10-24 00:00:00,DCM,1006,04,1,670,2019-10-24 02:33:21,2,0.29850746268656714
