ALGORITHM_NAME,PHM_PATTERNS_SK,PARAMETER_NAME,PARAMETER_VALUE
EMR Algorithm - Dark Count - Agastya,21280,THRESHOLDS_COUNT,1
EMR Algorithm - Dark Count - Agastya,21280,INTEGRATEDDARKCOUNT_SD,110
EMR Algorithm - Dark Count - Agastya,21280,TESTID,10
EMR Algorithm - Dark Count - Agastya,21280,THRESHOLD_DESCRIPTION,"N unique TESTIDs >= 10 and
INTEGRATEDDARKCOUNT Maximum  >= 543 and 
INTEGRATEDDARKCOUNT Standard Deviation >= 110"
EMR Algorithm - Dark Count - Agastya,21280,INTEGRATEDDARKCOUNT_MAX,543
